0,networkmaker.txt,7,5
0,networkadex.txt,7,318.2857143
0,networkaeternity.txt,7,656.8571429
0,networkaion.txt,7,59.85714286
0,networkairswap.txt,7,55.28571429
0,networkalphaprotocol.txt,7,544.1428571
0,networkamber.txt,7,319.4285714
0,networkaragon.txt,7,608.1428571
0,networkarcblock.txt,7,4563.142857
0,networkatmchain.txt,7,226.8571429
0,networkbancor.txt,7,228.1428571
0,networkbat.txt,7,1219.285714
0,networkbcdn.txt,7,2.142857143
0,networkbeautychain1.txt,7,5.571428571
0,networkbeautychain2.txt,7,45251.42857
0,networkbitcoineos.txt,7,6222.714286
0,networkbitqy.txt,7,1186
0,networkbitserial.txt,7,402.4285714
0,networkbixtoken.txt,7,10.85714286
0,networkblockv.txt,7,183.4285714
0,networkbluzelle.txt,7,23.28571429
0,networkbnb.txt,7,240.2857143
0,networkbptn.txt,7,34.28571429
0,networkbread.txt,7,33.28571429
0,networkbtl.txt,7,67.28571429
0,networkbytom.txt,7,62
0,networkcartaxi.txt,7,4.857142857
0,networkccrb.txt,7,2.142857143
0,networkcentra.txt,7,39.85714286
0,networkcentralitytoken.txt,7,136.8571429
0,networkchainlinktoken.txt,7,1145.714286
0,networkchangebank.txt,7,22.57142857
0,networkchatcoin.txt,7,238.8571429
0,networkcindicator.txt,7,2.857142857
0,networkcivic.txt,7,883.8571429
0,networkcnntoken.txt,7,9841.857143
0,networkcobinhood.txt,7,17
0,networkcofoundit.txt,7,22.57142857
0,networkcoindash.txt,7,360.5714286
0,networkconsumeractivitytoken.txt,7,978.5714286
0,networkcortexcoin.txt,7,1937.285714
0,networkcredits.txt,7,153.1428571
0,networkcredo.txt,7,5
0,networkcryptaur.txt,7,16
0,networkcrypterium.txt,7,15
0,networkcrypto20.txt,7,5.857142857
0,networkcryptokitties.txt,7,250.8571429
0,networkcryptonex.txt,7,970.5714286
0,networkcube.txt,7,182
0,networkcybereits.txt,7,662.2857143
0,networkcybermiles.txt,7,4552.857143
0,networkdatacoin.txt,7,15.42857143
0,networkdatx.txt,7,2.142857143
0,networkdecentraland.txt,7,10
0,networkdent.txt,7,4.714285714
0,networkdentacoin.txt,7,3
0,networkdgd.txt,7,142.7142857
0,networkdice.txt,7,2.571428571
0,networkdistrict0x.txt,7,519.7142857
0,networkdragon.txt,7,318
0,networkdropil.txt,7,6327.571429
0,networkedgeless.txt,7,2
0,networkeducare.txt,7,44.85714286
0,networkelf.txt,7,311.1428571
0,networkenigma.txt,7,1681.142857
0,networkenjincoin.txt,7,46
0,networkenumiro.txt,7,9370.571429
0,networkeos.txt,7,1322.428571
0,networkeosdac.txt,7,3.142857143
0,networketherwisdom.txt,7,2.428571429
0,networkethlend.txt,7,2.142857143
0,networkethos.txt,7,6.142857143
0,networkeverex.txt,7,41.42857143
0,networkextradecash.txt,7,7.428571429
0,networkfirstblood.txt,7,1.428571429
0,networkfunfair.txt,7,120.1428571
0,networkgenarox.txt,7,1.714285714
0,networkgenesisvision.txt,7,3.714285714
0,networkgifto.txt,7,856.5714286
0,networkglobalsocialchain.txt,7,6063.714286
0,networkgnosis.txt,7,607.2857143
0,networkgoldreward.txt,7,1718.285714
0,networkgolem.txt,7,94.85714286
0,networkhms.txt,7,6.571428571
0,networkhpbcoin.txt,7,10.57142857
0,networkhuobitoken.txt,7,1143.714286
0,networkhurify.txt,7,3
0,networkadex.txt,7,318.2857143
0,networkaeternity.txt,7,656.8571429
0,networkaion.txt,7,59.85714286
0,networkairswap.txt,7,55.28571429
0,networkalphaprotocol.txt,7,544.1428571
0,networkamber.txt,7,319.4285714
0,networkaragon.txt,7,608.1428571
0,networkarcblock.txt,7,4563.142857
0,networkatmchain.txt,7,226.8571429
0,networkbancor.txt,7,228.1428571
0,networkbat.txt,7,1219.285714
0,networkbcdn.txt,7,2.142857143
0,networkbeautychain1.txt,7,5.571428571
0,networkbeautychain2.txt,7,45251.42857
0,networkbitcoineos.txt,7,6222.714286
0,networkbitqy.txt,7,1186
0,networkbitserial.txt,7,402.4285714
0,networkbixtoken.txt,7,10.85714286
0,networkblockv.txt,7,183.4285714
0,networkbluzelle.txt,7,23.28571429
0,networkbnb.txt,7,240.2857143
0,networkbptn.txt,7,34.28571429
0,networkbread.txt,7,33.28571429
0,networkbtl.txt,7,67.28571429
0,networkbytom.txt,7,62
0,networkcartaxi.txt,7,4.857142857
0,networkccrb.txt,7,2.142857143
0,networkcentra.txt,7,39.85714286
0,networkcentralitytoken.txt,7,136.8571429
0,networkchainlinktoken.txt,7,1145.714286
0,networkchangebank.txt,7,22.57142857
0,networkchatcoin.txt,7,238.8571429
0,networkcindicator.txt,7,2.857142857
0,networkcivic.txt,7,883.8571429
0,networkcnntoken.txt,7,9841.857143
0,networkcobinhood.txt,7,17
0,networkcofoundit.txt,7,22.57142857
0,networkcoindash.txt,7,360.5714286
0,networkconsumeractivitytoken.txt,7,978.5714286
0,networkcortexcoin.txt,7,1937.285714
0,networkcredits.txt,7,153.1428571
0,networkcredo.txt,7,5
0,networkcryptaur.txt,7,16
0,networkcrypterium.txt,7,15
0,networkcrypto20.txt,7,5.857142857
0,networkcryptokitties.txt,7,250.8571429
0,networkcryptonex.txt,7,970.5714286
0,networkcube.txt,7,182
0,networkcybereits.txt,7,662.2857143
0,networkcybermiles.txt,7,4552.857143
0,networkdatacoin.txt,7,15.42857143
0,networkdatx.txt,7,2.142857143
0,networkdecentraland.txt,7,10
0,networkdent.txt,7,4.714285714
0,networkdentacoin.txt,7,3
0,networkdgd.txt,7,142.7142857
0,networkdice.txt,7,2.571428571
0,networkdistrict0x.txt,7,519.7142857
0,networkdragon.txt,7,318
0,networkdropil.txt,7,6327.571429
0,networkedgeless.txt,7,2
0,networkeducare.txt,7,44.85714286
0,networkelf.txt,7,311.1428571
0,networkenigma.txt,7,1681.142857
0,networkenjincoin.txt,7,46
0,networkenumiro.txt,7,9370.571429
0,networkeos.txt,7,1322.428571
0,networkeosdac.txt,7,3.142857143
0,networketherwisdom.txt,7,2.428571429
0,networkethlend.txt,7,2.142857143
0,networkethos.txt,7,6.142857143
0,networkeverex.txt,7,41.42857143
0,networkextradecash.txt,7,7.428571429
0,networkfirstblood.txt,7,1.428571429
0,networkfunfair.txt,7,120.1428571
0,networkgenarox.txt,7,1.714285714
0,networkgenesisvision.txt,7,3.714285714
0,networkgifto.txt,7,856.5714286
0,networkglobalsocialchain.txt,7,6063.714286
0,networkgnosis.txt,7,607.2857143
0,networkgoldreward.txt,7,1718.285714
0,networkgolem.txt,7,94.85714286
0,networkhms.txt,7,6.571428571
0,networkhpbcoin.txt,7,10.57142857
0,networkhuobitoken.txt,7,1143.714286
0,networkhurify.txt,7,3
0,networkico.txt,7,1145.857143
0,networkicon.txt,7,19.42857143
0,networkiconomi.txt,7,268.5714286
0,networkins.txt,7,166.1428571
0,networkinsurchain.txt,7,594.8571429
0,networkintelligentcommercechain.txt,7,17.14285714
0,networkinternetnodetoken.txt,7,38.85714286
0,networkiostoken.txt,7,544.5714286
0,networkiotchain.txt,7,331.4285714
0,networkkin.txt,7,205.5714286
0,networkkucoinshares.txt,7,32.57142857
0,networkkybernetwork.txt,7,130
0,networklendconnect.txt,7,79
0,networklino.txt,7,8923.142857
0,networklltoken.txt,7,902.7142857
0,networklogarithm.txt,7,64.71428571
0,networkloopring.txt,7,7.142857143
0,networkmaker.txt,7,5
0,networkmatrixainetwork.txt,7,51.42857143
0,networkmcap.txt,7,7.714285714
0,networkmetal.txt,7,97.28571429
0,networkminereum.txt,7,8.714285714
0,networkmkr.txt,7,6.142857143
0,networkmodumtoken.txt,7,278.2857143
0,networkmonaco.txt,7,436.1428571
0,networkmt.txt,7,4.428571429
0,networknagacoin.txt,7,951.8571429
0,networknebulas.txt,7,11.28571429
0,networknucleusvision.txt,7,836.2857143
0,networknulls.txt,7,27
0,networkomisego.txt,7,1067.142857
0,networkormeuscoin.txt,7,3
0,networkoxbitcoin.txt,7,14.28571429
0,networkoysterpearl.txt,7,5.285714286
0,networkpaypie.txt,7,263.1428571
0,networkpentanetwork.txt,7,9381.571429
0,networkpillar.txt,7,572.1428571
0,networkpo.et.txt,7,155
0,networkpolyai.txt,7,107
0,networkpolybius.txt,7,1971
0,networkpolymath.txt,7,906.7142857
0,networkpopulous.txt,7,1025.285714
0,networkpowerledger.txt,7,5.857142857
0,networkqash.txt,7,189.4285714
0,networkqrl.txt,7,180.4285714
0,networkqtum.txt,7,125
0,networkquantstamp.txt,7,1553.285714
0,networkqunquncommunities.txt,7,328.1428571
0,networkraiden.txt,7,711.8571429
0,networkredmwat.txt,7,13
0,networkrep.txt,7,260.4285714
0,networkreputation.txt,7,651.1428571
0,networkrequest.txt,7,90.14285714
0,networkrevain.txt,7,94.85714286
0,networkrhoc.txt,7,3
0,networkripiocreditnetwork.txt,7,417
0,networkrlc.txt,7,143.5714286
0,networkruff.txt,7,1306
0,networksalt.txt,7,1.857142857
0,networksan.txt,7,5
0,networkscam_plexcoint.txt,7,936.8571429
0,networkshiftcashextrabonus.txt,7,5013
0,networkshowcoin.txt,7,1462.857143
0,networksimpletoken.txt,7,7.428571429
0,networksingularitynet.txt,7,37.14285714
0,networksirin.txt,7,15.14285714
0,networksmartbillions.txt,7,3
0,networksngls.txt,7,180.8571429
0,networksonm.txt,7,329
0,networksphtx.txt,7,342.4285714
0,networkstatusnetwork.txt,7,222
0,networkstockchain.txt,7,4757.428571
0,networkstorj.txt,7,110.8571429
0,networkstorm.txt,7,6.714285714
0,networkstox.txt,7,290.5714286
0,networksubstratum.txt,7,1.571428571
0,networktelcoin.txt,7,825
0,networkteleport.txt,7,2.714285714
0,networktenxpay.txt,7,23.14285714
0,networktestpogo1.txt,7,30991.57143
0,networkthedao.txt,7,8
0,networkthetatoken.txt,7,35
0,networktierion.txt,7,2105
0,networktimenewbank.txt,7,7
0,networktimereum.txt,7,45.85714286
0,networktoken1000.txt,7,3.285714286
0,networktoken1001.txt,7,2129.857143
0,networktoken1002.txt,7,3.285714286
0,networktoken1003.txt,7,5394.571429
0,networktoken1004.txt,7,486.2857143
0,networktoken1005.txt,7,2730.142857
0,networktoken1006.txt,7,4.428571429
0,networktoken1007.txt,7,280.4285714
0,networktoken1008.txt,7,30.57142857
0,networktoken1009.txt,7,143
0,networktoken1010.txt,7,4.285714286
0,networktoken1011.txt,7,69.14285714
0,networktoken1012.txt,7,1079.857143
0,networktoken1013.txt,7,197
0,networktoken1014.txt,7,530.1428571
0,networktoken1015.txt,7,3.714285714
0,networktoken1016.txt,7,3089.571429
0,networktoken1017.txt,7,2027.428571
0,networktoken1018.txt,7,46.28571429
0,networktoken1019.txt,7,952.2857143
0,networktoken1020.txt,7,305.5714286
0,networktoken1021.txt,7,3884
0,networktoken1022.txt,7,8.142857143
0,networktoken1023.txt,7,148.5714286
0,networktoken1024.txt,7,2
0,networktoken1025.txt,7,799.4285714
0,networktoken1026.txt,7,4.142857143
0,networktoken1027.txt,7,2
0,networktoken1028.txt,7,13.71428571
0,networktoken1029.txt,7,390.5714286
0,networktoken1030.txt,7,21
0,networktoken1031.txt,7,11.85714286
0,networktoken1032.txt,7,963.1428571
0,networktoken1033.txt,7,2
0,networktoken1034.txt,7,3178.714286
0,networktoken1035.txt,7,9.142857143
0,networktoken1036.txt,7,873
0,networktoken1037.txt,7,68.14285714
0,networktoken1038.txt,7,1304.714286
0,networktoken1039.txt,7,15.42857143
0,networktoken1040.txt,7,370
0,networktoken1041.txt,7,407.7142857
0,networktoken1042.txt,7,2.142857143
0,networktoken1043.txt,7,3.428571429
0,networktoken1044.txt,7,1684.714286
0,networktoken1045.txt,7,2877.428571
0,networktoken1046.txt,7,2710.428571
0,networktoken1047.txt,7,1425
0,networktoken1048.txt,7,154.2857143
0,networktoken1049.txt,7,11.57142857
0,networktoken1050.txt,7,28.85714286
0,networktoken1051.txt,7,19.85714286
0,networktoken1052.txt,7,277.2857143
0,networktoken1053.txt,7,243.8571429
0,networktoken1054.txt,7,126.4285714
0,networktoken1055.txt,7,8.714285714
0,networktoken1056.txt,7,5.857142857
0,networktoken1057.txt,7,2065.142857
0,networktoken1058.txt,7,2.142857143
0,networktoken1059.txt,7,27
0,networktoken1060.txt,7,3.142857143
0,networktoken1061.txt,7,2431.714286
0,networktoken1062.txt,7,682.4285714
0,networktoken1063.txt,7,703.4285714
0,networktoken1064.txt,7,5.142857143
0,networktoken1065.txt,7,89.71428571
0,networktoken1066.txt,7,716.8571429
0,networktoken1067.txt,7,17.42857143
0,networktoken1068.txt,7,62
0,networktoken1069.txt,7,65.85714286
0,networktoken1070.txt,7,26.42857143
0,networktoken1071.txt,7,763.2857143
0,networktoken1072.txt,7,16.42857143
0,networktoken1073.txt,7,16
0,networktoken1074.txt,7,57.57142857
0,networktoken1075.txt,7,83.14285714
0,networktoken1076.txt,7,10
0,networktoken1077.txt,7,20.28571429
0,networktoken1078.txt,7,63.28571429
0,networktoken1079.txt,7,12.85714286
0,networktoken1080.txt,7,514.2857143
0,networktoken1081.txt,7,1669.714286
0,networktoken1082.txt,7,15
0,networktoken1083.txt,7,82.85714286
0,networktoken1084.txt,7,174.7142857
0,networktoken1085.txt,7,14.57142857
0,networktoken1086.txt,7,60.42857143
0,networktoken1087.txt,7,538.4285714
0,networktoken1088.txt,7,26.85714286
0,networktoken1089.txt,7,270.7142857
0,networktoken1090.txt,7,33.28571429
0,networktoken1091.txt,7,455.4285714
0,networktoken1092.txt,7,312
0,networktoken1093.txt,7,12.14285714
0,networktoken1094.txt,7,138.8571429
0,networktoken1095.txt,7,237.1428571
0,networktoken1096.txt,7,986.8571429
0,networktoken1097.txt,7,2.428571429
0,networktoken1098.txt,7,1662.714286
0,networktoken1099.txt,7,203
0,networktoken1100.txt,7,468
0,networktoken1101.txt,7,506
0,networktoken1102.txt,7,911.4285714
0,networktoken1103.txt,7,589.7142857
0,networktoken1104.txt,7,14.42857143
0,networktoken1105.txt,7,11.57142857
0,networktoken1106.txt,7,143.2857143
0,networktoken1107.txt,7,31
0,networktoken1108.txt,7,1449.142857
0,networktoken1109.txt,7,56.71428571
0,networktoken1110.txt,7,24.28571429
0,networktoken1111.txt,7,1080.428571
0,networktoken1112.txt,7,215.2857143
0,networktoken1113.txt,7,31.85714286
0,networktoken1114.txt,7,28.14285714
0,networktoken1115.txt,7,481.8571429
0,networktoken1116.txt,7,1223.571429
0,networktoken1117.txt,7,3
0,networktoken1118.txt,7,132
0,networktoken1119.txt,7,13.28571429
0,networktoken112.txt,7,327.7142857
0,networktoken1120.txt,7,7
0,networktoken1121.txt,7,7.857142857
0,networktoken1122.txt,7,61.42857143
0,networktoken1123.txt,7,1.428571429
0,networktoken1124.txt,7,2.571428571
0,networktoken1125.txt,7,11
0,networktoken1126.txt,7,21.28571429
0,networktoken1127.txt,7,13.85714286
0,networktoken1128.txt,7,163.7142857
0,networktoken1129.txt,7,636
0,networktoken1130.txt,7,681
0,networktoken1131.txt,7,1259.571429
0,networktoken1132.txt,7,188
0,networktoken1133.txt,7,323.1428571
0,networktoken1134.txt,7,58
0,networktoken1135.txt,7,6.714285714
0,networktoken1136.txt,7,10.28571429
0,networktoken1137.txt,7,24.14285714
0,networktoken1138.txt,7,646.5714286
0,networktoken1139.txt,7,1216.571429
0,networktoken114.txt,7,118.4285714
0,networktoken1140.txt,7,11.85714286
0,networktoken1141.txt,7,8.571428571
0,networktoken1142.txt,7,759.8571429
0,networktoken1143.txt,7,32.85714286
0,networktoken1144.txt,7,75.71428571
0,networktoken1145.txt,7,1054.285714
0,networktoken1146.txt,7,14.57142857
0,networktoken1147.txt,7,9.142857143
0,networktoken1148.txt,7,543.7142857
0,networktoken1149.txt,7,6.142857143
0,networktoken115.txt,7,11
0,networktoken1150.txt,7,4.714285714
0,networktoken1151.txt,7,9.571428571
0,networktoken1152.txt,7,2
0,networktoken1153.txt,7,1056.142857
0,networktoken1154.txt,7,14.71428571
0,networktoken1155.txt,7,44.57142857
0,networktoken1156.txt,7,5.857142857
0,networktoken1157.txt,7,26.57142857
0,networktoken1158.txt,7,555.5714286
0,networktoken1159.txt,7,162.4285714
0,networktoken116.txt,7,3.857142857
0,networktoken1160.txt,7,7.142857143
0,networktoken1161.txt,7,486.5714286
0,networktoken1162.txt,7,521.2857143
0,networktoken1163.txt,7,3.142857143
0,networktoken1164.txt,7,123.4285714
0,networktoken1165.txt,7,16.85714286
0,networktoken1166.txt,7,954.4285714
0,networktoken1167.txt,7,283.1428571
0,networktoken1168.txt,7,10.14285714
0,networktoken1169.txt,7,10.14285714
0,networktoken117.txt,7,12.28571429
0,networktoken1170.txt,7,2.142857143
0,networktoken1171.txt,7,1.571428571
0,networktoken1172.txt,7,2.857142857
0,networktoken1173.txt,7,803.5714286
0,networktoken1174.txt,7,35.71428571
0,networktoken1175.txt,7,1.857142857
0,networktoken1176.txt,7,72.42857143
0,networktoken1177.txt,7,31.28571429
0,networktoken1178.txt,7,119.1428571
0,networktoken1179.txt,7,191.8571429
0,networktoken118.txt,7,2
0,networktoken1180.txt,7,276.1428571
0,networktoken1181.txt,7,6.428571429
0,networktoken1182.txt,7,4.285714286
0,networktoken1183.txt,7,30.42857143
0,networktoken1184.txt,7,292.5714286
0,networktoken1185.txt,7,54
0,networktoken1186.txt,7,64.71428571
0,networktoken1187.txt,7,3
0,networktoken1188.txt,7,3.285714286
0,networktoken1189.txt,7,5.285714286
0,networktoken119.txt,7,852
0,networktoken1190.txt,7,104.1428571
0,networktoken1191.txt,7,119.7142857
0,networktoken1192.txt,7,68
0,networktoken1193.txt,7,781.5714286
0,networktoken1194.txt,7,22.42857143
0,networktoken1195.txt,7,620.4285714
0,networktoken1196.txt,7,23
0,networktoken1197.txt,7,2.285714286
0,networktoken1198.txt,7,2.714285714
0,networktoken1199.txt,7,3.142857143
0,networktoken120.txt,7,3.714285714
0,networktoken1200.txt,7,415.2857143
0,networktoken1201.txt,7,1.285714286
0,networktoken1202.txt,7,93
0,networktoken1203.txt,7,116.8571429
0,networktoken1204.txt,7,73.14285714
0,networktoken1205.txt,7,143.7142857
0,networktoken1206.txt,7,13.85714286
0,networktoken1207.txt,7,3.714285714
0,networktoken1208.txt,7,16.28571429
0,networktoken1209.txt,7,28
0,networktoken121.txt,7,474
0,networktoken1210.txt,7,4.857142857
0,networktoken1211.txt,7,3.428571429
0,networktoken1212.txt,7,7.571428571
0,networktoken1213.txt,7,38.71428571
0,networktoken1214.txt,7,111.5714286
0,networktoken1215.txt,7,37.14285714
0,networktoken1216.txt,7,3.285714286
0,networktoken1217.txt,7,30.14285714
0,networktoken1218.txt,7,4.857142857
0,networktoken1219.txt,7,64.57142857
0,networktoken1220.txt,7,2.857142857
0,networktoken1221.txt,7,2.285714286
0,networktoken1222.txt,7,4.714285714
0,networktoken1223.txt,7,9.714285714
0,networktoken1224.txt,7,88.42857143
0,networktoken1225.txt,7,8.285714286
0,networktoken1226.txt,7,682.4285714
0,networktoken1227.txt,7,551.2857143
0,networktoken1228.txt,7,650.5714286
0,networktoken1229.txt,7,73.57142857
0,networktoken123.txt,7,2.142857143
0,networktoken1230.txt,7,5.571428571
0,networktoken1231.txt,7,3.571428571
0,networktoken1232.txt,7,268.4285714
0,networktoken1233.txt,7,461.5714286
0,networktoken1234.txt,7,257.4285714
0,networktoken1235.txt,7,220.8571429
0,networktoken1236.txt,7,4
0,networktoken1237.txt,7,3
0,networktoken1238.txt,7,1.714285714
0,networktoken1239.txt,7,1.285714286
0,networktoken124.txt,7,1159.714286
0,networktoken1240.txt,7,58.42857143
0,networktoken1241.txt,7,11
0,networktoken1242.txt,7,1.285714286
0,networktoken1243.txt,7,419.2857143
0,networktoken1244.txt,7,2.285714286
0,networktoken1245.txt,7,147.1428571
0,networktoken1246.txt,7,3.428571429
0,networktoken1247.txt,7,8.571428571
0,networktoken1248.txt,7,36.14285714
0,networktoken1249.txt,7,271.4285714
0,networktoken125.txt,7,15.28571429
0,networktoken1250.txt,7,33.14285714
0,networktoken1251.txt,7,31.57142857
0,networktoken1252.txt,7,47.42857143
0,networktoken1253.txt,7,4
0,networktoken1254.txt,7,492.8571429
0,networktoken1255.txt,7,163.8571429
0,networktoken1257.txt,7,125.4285714
0,networktoken1258.txt,7,3.857142857
0,networktoken1259.txt,7,2.714285714
0,networktoken126.txt,7,40
0,networktoken1260.txt,7,116.5714286
0,networktoken1261.txt,7,64.85714286
0,networktoken1262.txt,7,191.8571429
0,networktoken1263.txt,7,50.28571429
0,networktoken1264.txt,7,49
0,networktoken1265.txt,7,9.428571429
0,networktoken1266.txt,7,44.14285714
0,networktoken1267.txt,7,401.8571429
0,networktoken1268.txt,7,63.14285714
0,networktoken1269.txt,7,96.71428571
0,networktoken127.txt,7,9.142857143
0,networktoken1270.txt,7,149.1428571
0,networktoken1271.txt,7,13.42857143
0,networktoken1272.txt,7,1.714285714
0,networktoken1273.txt,7,230.7142857
0,networktoken1274.txt,7,119.2857143
0,networktoken1275.txt,7,9.571428571
0,networktoken1276.txt,7,89.85714286
0,networktoken1277.txt,7,6.857142857
0,networktoken1278.txt,7,17.14285714
0,networktoken1279.txt,7,6
0,networktoken128.txt,7,5.142857143
0,networktoken1280.txt,7,61.28571429
0,networktoken1281.txt,7,109.1428571
0,networktoken1282.txt,7,11.28571429
0,networktoken1283.txt,7,89
0,networktoken1284.txt,7,280.5714286
0,networktoken1285.txt,7,43.85714286
0,networktoken1286.txt,7,479.8571429
0,networktoken1287.txt,7,8.857142857
0,networktoken1288.txt,7,10.14285714
0,networktoken1289.txt,7,8.142857143
0,networktoken129.txt,7,6
0,networktoken1290.txt,7,95.57142857
0,networktoken1291.txt,7,9.428571429
0,networktoken1292.txt,7,208.5714286
0,networktoken1293.txt,7,10.28571429
0,networktoken1294.txt,7,88.71428571
0,networktoken1295.txt,7,3.857142857
0,networktoken1296.txt,7,1.857142857
0,networktoken1297.txt,7,68.85714286
0,networktoken1298.txt,7,5
0,networktoken1299.txt,7,83.14285714
0,networktoken130.txt,7,11.14285714
0,networktoken1300.txt,7,65.57142857
0,networktoken1301.txt,7,10.28571429
0,networktoken1302.txt,7,2.857142857
0,networktoken1303.txt,7,109.5714286
0,networktoken1304.txt,7,13.57142857
0,networktoken1305.txt,7,3
0,networktoken1306.txt,7,81.14285714
0,networktoken1307.txt,7,1.571428571
0,networktoken1308.txt,7,108.4285714
0,networktoken1309.txt,7,15.57142857
0,networktoken131.txt,7,1558.571429
0,networktoken1310.txt,7,18.71428571
0,networktoken1311.txt,7,45
0,networktoken1312.txt,7,6.714285714
0,networktoken1313.txt,7,17.57142857
0,networktoken1314.txt,7,66.42857143
0,networktoken1315.txt,7,2.285714286
0,networktoken1316.txt,7,85.28571429
0,networktoken1317.txt,7,5.142857143
0,networktoken1318.txt,7,46
0,networktoken1319.txt,7,4.857142857
0,networktoken132.txt,7,9.285714286
0,networktoken1320.txt,7,1.571428571
0,networktoken1321.txt,7,138.2857143
0,networktoken1322.txt,7,26
0,networktoken1323.txt,7,105.5714286
0,networktoken1324.txt,7,165.8571429
0,networktoken1325.txt,7,150.8571429
0,networktoken1326.txt,7,11.57142857
0,networktoken1327.txt,7,2.285714286
0,networktoken1328.txt,7,1.714285714
0,networktoken1329.txt,7,2.285714286
0,networktoken133.txt,7,262.2857143
0,networktoken1330.txt,7,294.1428571
0,networktoken1331.txt,7,65.14285714
0,networktoken1332.txt,7,89.28571429
0,networktoken1333.txt,7,7.142857143
0,networktoken1334.txt,7,98.71428571
0,networktoken1335.txt,7,14.14285714
0,networktoken1336.txt,7,1.142857143
0,networktoken1337.txt,7,28.85714286
0,networktoken1338.txt,7,14.85714286
0,networktoken1339.txt,7,160.1428571
0,networktoken134.txt,7,76.57142857
0,networktoken1340.txt,7,349.5714286
0,networktoken1341.txt,7,50.14285714
0,networktoken1342.txt,7,25.57142857
0,networktoken1343.txt,7,7.428571429
0,networktoken1344.txt,7,273.1428571
0,networktoken1345.txt,7,15.42857143
0,networktoken1346.txt,7,28.28571429
0,networktoken1347.txt,7,41.85714286
0,networktoken1348.txt,7,3.857142857
0,networktoken1349.txt,7,1.428571429
0,networktoken135.txt,7,60.85714286
0,networktoken1350.txt,7,28.57142857
0,networktoken1351.txt,7,4.857142857
0,networktoken1352.txt,7,1.285714286
0,networktoken1353.txt,7,153.4285714
0,networktoken1354.txt,7,11.14285714
0,networktoken1356.txt,7,3.142857143
0,networktoken1357.txt,7,1.428571429
0,networktoken1358.txt,7,4.428571429
0,networktoken1359.txt,7,289.8571429
0,networktoken136.txt,7,27
0,networktoken1360.txt,7,9.714285714
0,networktoken1361.txt,7,1.714285714
0,networktoken1362.txt,7,18.42857143
0,networktoken1363.txt,7,97.85714286
0,networktoken1364.txt,7,2.857142857
0,networktoken1365.txt,7,122.2857143
0,networktoken1366.txt,7,45.71428571
0,networktoken1367.txt,7,3.571428571
0,networktoken1368.txt,7,207.7142857
0,networktoken1370.txt,7,315.8571429
0,networktoken1371.txt,7,39.42857143
0,networktoken1372.txt,7,5.142857143
0,networktoken1373.txt,7,1.285714286
0,networktoken1374.txt,7,20.57142857
0,networktoken1375.txt,7,7.285714286
0,networktoken1376.txt,7,46.42857143
0,networktoken1377.txt,7,8.714285714
0,networktoken1378.txt,7,60.57142857
0,networktoken1379.txt,7,5.285714286
0,networktoken138.txt,7,3.285714286
0,networktoken1380.txt,7,17.71428571
0,networktoken1381.txt,7,4
0,networktoken1382.txt,7,309.4285714
0,networktoken1383.txt,7,3.142857143
0,networktoken1384.txt,7,143.7142857
0,networktoken1385.txt,7,6.714285714
0,networktoken1386.txt,7,7
0,networktoken1387.txt,7,10
0,networktoken1388.txt,7,7
0,networktoken1389.txt,7,15.14285714
0,networktoken139.txt,7,151.1428571
0,networktoken1390.txt,7,25.42857143
0,networktoken1391.txt,7,72.28571429
0,networktoken1392.txt,7,5.857142857
0,networktoken1393.txt,7,204.2857143
0,networktoken1394.txt,7,44
0,networktoken1395.txt,7,155.4285714
0,networktoken1396.txt,7,3.571428571
0,networktoken1397.txt,7,122.5714286
0,networktoken1398.txt,7,6.428571429
0,networktoken1399.txt,7,6.428571429
0,networktoken140.txt,7,61.28571429
0,networktoken1400.txt,7,110.5714286
0,networktoken1401.txt,7,94.42857143
0,networktoken1402.txt,7,5.142857143
0,networktoken1403.txt,7,1
0,networktoken1404.txt,7,2.714285714
0,networktoken1405.txt,7,36.42857143
0,networktoken1406.txt,7,1.571428571
0,networktoken1407.txt,7,4.571428571
0,networktoken1408.txt,7,6.857142857
0,networktoken1409.txt,7,141.8571429
0,networktoken141.txt,7,63.42857143
0,networktoken1410.txt,7,6.285714286
0,networktoken1411.txt,7,301.7142857
0,networktoken1412.txt,7,229.2857143
0,networktoken1413.txt,7,1.857142857
0,networktoken1414.txt,7,51.14285714
0,networktoken1415.txt,7,27.85714286
0,networktoken1416.txt,7,36.71428571
0,networktoken1417.txt,7,194.7142857
0,networktoken1418.txt,7,4
0,networktoken1419.txt,7,11
0,networktoken142.txt,7,3.142857143
0,networktoken1420.txt,7,268.2857143
0,networktoken1421.txt,7,1.285714286
0,networktoken1422.txt,7,91.42857143
0,networktoken1423.txt,7,18
0,networktoken1424.txt,7,2.285714286
0,networktoken1425.txt,7,14.57142857
0,networktoken1426.txt,7,8.571428571
0,networktoken1427.txt,7,168.8571429
0,networktoken1428.txt,7,41
0,networktoken1429.txt,7,1.285714286
0,networktoken1430.txt,7,1
0,networktoken1431.txt,7,154.8571429
0,networktoken1432.txt,7,18.57142857
0,networktoken1433.txt,7,5.714285714
0,networktoken1434.txt,7,100.7142857
0,networktoken1435.txt,7,9.285714286
0,networktoken1436.txt,7,138.7142857
0,networktoken1438.txt,7,1.285714286
0,networktoken1439.txt,7,3.142857143
0,networktoken144.txt,7,2.142857143
0,networktoken1440.txt,7,4.285714286
0,networktoken1441.txt,7,200.1428571
0,networktoken1442.txt,7,14.28571429
0,networktoken1443.txt,7,160
0,networktoken1444.txt,7,20.71428571
0,networktoken1445.txt,7,13.42857143
0,networktoken1446.txt,7,132.8571429
0,networktoken1447.txt,7,7.142857143
0,networktoken1448.txt,7,9
0,networktoken1449.txt,7,8.428571429
0,networktoken145.txt,7,70.42857143
0,networktoken1450.txt,7,51.42857143
0,networktoken1451.txt,7,6.142857143
0,networktoken1453.txt,7,224.1428571
0,networktoken1454.txt,7,101.8571429
0,networktoken1455.txt,7,260.4285714
0,networktoken1456.txt,7,1.285714286
0,networktoken1457.txt,7,36.85714286
0,networktoken1458.txt,7,112.2857143
0,networktoken1459.txt,7,25
0,networktoken146.txt,7,113.2857143
0,networktoken1460.txt,7,68.14285714
0,networktoken1461.txt,7,2.714285714
0,networktoken1462.txt,7,42.57142857
0,networktoken1463.txt,7,4.428571429
0,networktoken1464.txt,7,3.142857143
0,networktoken1465.txt,7,31.57142857
0,networktoken1466.txt,7,14.57142857
0,networktoken1467.txt,7,16.57142857
0,networktoken1468.txt,7,1.857142857
0,networktoken1469.txt,7,184.1428571
0,networktoken147.txt,7,28.42857143
0,networktoken1470.txt,7,14.14285714
0,networktoken1471.txt,7,110.5714286
0,networktoken1472.txt,7,3.428571429
0,networktoken1473.txt,7,78.57142857
0,networktoken1474.txt,7,7.428571429
0,networktoken1475.txt,7,2.285714286
0,networktoken1476.txt,7,3.285714286
0,networktoken1477.txt,7,2.857142857
0,networktoken1478.txt,7,21.57142857
0,networktoken1479.txt,7,7.428571429
0,networktoken148.txt,7,60.71428571
0,networktoken1480.txt,7,3.428571429
0,networktoken1481.txt,7,226.7142857
0,networktoken1483.txt,7,1.714285714
0,networktoken1484.txt,7,2.428571429
0,networktoken1485.txt,7,1.285714286
0,networktoken1486.txt,7,22.42857143
0,networktoken1487.txt,7,62.14285714
0,networktoken1488.txt,7,5.714285714
0,networktoken1489.txt,7,127
0,networktoken149.txt,7,1
0,networktoken1490.txt,7,13.42857143
0,networktoken1491.txt,7,17.28571429
0,networktoken1492.txt,7,145
0,networktoken1493.txt,7,7.571428571
0,networktoken1494.txt,7,58.42857143
0,networktoken1495.txt,7,1.285714286
0,networktoken1496.txt,7,15.14285714
0,networktoken1497.txt,7,88.14285714
0,networktoken1498.txt,7,138.4285714
0,networktoken1499.txt,7,22.57142857
0,networktoken150.txt,7,8.857142857
0,networktoken1500.txt,7,173.2857143
0,networktoken1501.txt,7,104.7142857
0,networktoken1502.txt,7,221.4285714
0,networktoken1504.txt,7,173.2857143
0,networktoken1505.txt,7,10
0,networktoken1506.txt,7,25.42857143
0,networktoken1507.txt,7,2
0,networktoken1508.txt,7,3.571428571
0,networktoken1509.txt,7,10.57142857
0,networktoken151.txt,7,299.7142857
0,networktoken1510.txt,7,51.71428571
0,networktoken1511.txt,7,44
0,networktoken1512.txt,7,61.57142857
0,networktoken1513.txt,7,218.1428571
0,networktoken1514.txt,7,34.71428571
0,networktoken1515.txt,7,9
0,networktoken1516.txt,7,4.142857143
0,networktoken1517.txt,7,57.71428571
0,networktoken1518.txt,7,3.285714286
0,networktoken1519.txt,7,2.428571429
0,networktoken152.txt,7,106.4285714
0,networktoken1520.txt,7,79.28571429
0,networktoken1521.txt,7,2.857142857
0,networktoken1522.txt,7,7.285714286
0,networktoken1523.txt,7,181.8571429
0,networktoken1524.txt,7,78.57142857
0,networktoken1525.txt,7,55.42857143
0,networktoken1526.txt,7,14.28571429
0,networktoken1527.txt,7,14.42857143
0,networktoken1528.txt,7,9.571428571
0,networktoken153.txt,7,1.571428571
0,networktoken1530.txt,7,11.42857143
0,networktoken1531.txt,7,11.71428571
0,networktoken1532.txt,7,15.57142857
0,networktoken1533.txt,7,26.57142857
0,networktoken1534.txt,7,2
0,networktoken1535.txt,7,2.428571429
0,networktoken1536.txt,7,2.857142857
0,networktoken1537.txt,7,104.4285714
0,networktoken1538.txt,7,91
0,networktoken1539.txt,7,11.85714286
0,networktoken154.txt,7,223.4285714
0,networktoken1540.txt,7,35
0,networktoken1541.txt,7,6.571428571
0,networktoken1542.txt,7,24.42857143
0,networktoken1543.txt,7,98.71428571
0,networktoken1544.txt,7,2.142857143
0,networktoken1545.txt,7,2.571428571
0,networktoken1546.txt,7,10.85714286
0,networktoken1547.txt,7,4.428571429
0,networktoken1548.txt,7,14.42857143
0,networktoken1550.txt,7,3.285714286
0,networktoken1551.txt,7,70.28571429
0,networktoken1552.txt,7,67
0,networktoken1553.txt,7,7.857142857
0,networktoken1554.txt,7,24.14285714
0,networktoken1555.txt,7,2.285714286
0,networktoken1556.txt,7,27.71428571
0,networktoken1557.txt,7,144.2857143
0,networktoken1558.txt,7,2.285714286
0,networktoken1559.txt,7,3.714285714
0,networktoken156.txt,7,14.85714286
0,networktoken1560.txt,7,80.71428571
0,networktoken1561.txt,7,7.857142857
0,networktoken1562.txt,7,1.857142857
0,networktoken1563.txt,7,4.857142857
0,networktoken1564.txt,7,5.285714286
0,networktoken1565.txt,7,7.285714286
0,networktoken1566.txt,7,25.42857143
0,networktoken1567.txt,7,55.71428571
0,networktoken1568.txt,7,2.285714286
0,networktoken1569.txt,7,158.8571429
0,networktoken157.txt,7,1438.571429
0,networktoken1570.txt,7,3.857142857
0,networktoken1571.txt,7,5
0,networktoken1572.txt,7,53.42857143
0,networktoken1573.txt,7,40.28571429
0,networktoken1574.txt,7,4.428571429
0,networktoken1575.txt,7,10
0,networktoken1576.txt,7,7.571428571
0,networktoken1577.txt,7,1.285714286
0,networktoken1578.txt,7,1.142857143
0,networktoken1579.txt,7,8.428571429
0,networktoken158.txt,7,1.428571429
0,networktoken1581.txt,7,50.14285714
0,networktoken1582.txt,7,2
0,networktoken1583.txt,7,32.85714286
0,networktoken1584.txt,7,9.714285714
0,networktoken1585.txt,7,11.14285714
0,networktoken1586.txt,7,20.42857143
0,networktoken1587.txt,7,10.57142857
0,networktoken1588.txt,7,14
0,networktoken1589.txt,7,53.71428571
0,networktoken159.txt,7,16
0,networktoken1590.txt,7,2.285714286
0,networktoken1592.txt,7,140.7142857
0,networktoken1593.txt,7,21.28571429
0,networktoken1594.txt,7,8.285714286
0,networktoken1595.txt,7,1.857142857
0,networktoken1596.txt,7,2.142857143
0,networktoken1597.txt,7,5.857142857
0,networktoken1598.txt,7,87.71428571
0,networktoken1599.txt,7,10.14285714
0,networktoken160.txt,7,124.4285714
0,networktoken1600.txt,7,3.285714286
0,networktoken1601.txt,7,4.571428571
0,networktoken1602.txt,7,11.57142857
0,networktoken1603.txt,7,8.571428571
0,networktoken1604.txt,7,143.7142857
0,networktoken1605.txt,7,33.57142857
0,networktoken1606.txt,7,54.85714286
0,networktoken1607.txt,7,76.14285714
0,networktoken1608.txt,7,115.1428571
0,networktoken161.txt,7,14.28571429
0,networktoken1610.txt,7,2.285714286
0,networktoken1611.txt,7,144.4285714
0,networktoken1612.txt,7,3.714285714
0,networktoken1613.txt,7,4.714285714
0,networktoken1614.txt,7,81.57142857
0,networktoken1615.txt,7,12.71428571
0,networktoken1616.txt,7,5.285714286
0,networktoken1617.txt,7,29.57142857
0,networktoken1619.txt,7,61.14285714
0,networktoken162.txt,7,11.42857143
0,networktoken1620.txt,7,57.85714286
0,networktoken1622.txt,7,29.85714286
0,networktoken1623.txt,7,52.28571429
0,networktoken1624.txt,7,97.42857143
0,networktoken1625.txt,7,20.57142857
0,networktoken1626.txt,7,1.428571429
0,networktoken1627.txt,7,12.28571429
0,networktoken1628.txt,7,4.142857143
0,networktoken1629.txt,7,44.85714286
0,networktoken1630.txt,7,4
0,networktoken1631.txt,7,4.428571429
0,networktoken1633.txt,7,18.71428571
0,networktoken1634.txt,7,5.142857143
0,networktoken1635.txt,7,133.5714286
0,networktoken1636.txt,7,20.28571429
0,networktoken1637.txt,7,164.1428571
0,networktoken1638.txt,7,3.857142857
0,networktoken1639.txt,7,33.28571429
0,networktoken164.txt,7,20
0,networktoken1640.txt,7,9.428571429
0,networktoken1642.txt,7,43
0,networktoken1643.txt,7,2.571428571
0,networktoken1644.txt,7,10.85714286
0,networktoken1646.txt,7,90.71428571
0,networktoken1647.txt,7,36.28571429
0,networktoken1648.txt,7,2
0,networktoken165.txt,7,12
0,networktoken1650.txt,7,149.4285714
0,networktoken1651.txt,7,91.28571429
0,networktoken1652.txt,7,6.285714286
0,networktoken1653.txt,7,117.4285714
0,networktoken1654.txt,7,93.71428571
0,networktoken1655.txt,7,50.71428571
0,networktoken1656.txt,7,72.42857143
0,networktoken1657.txt,7,1.142857143
0,networktoken1658.txt,7,7.285714286
0,networktoken1659.txt,7,31.85714286
0,networktoken166.txt,7,41.28571429
0,networktoken1660.txt,7,15.85714286
0,networktoken1661.txt,7,7.285714286
0,networktoken1662.txt,7,66.42857143
0,networktoken1663.txt,7,150
0,networktoken1664.txt,7,6.285714286
0,networktoken1665.txt,7,1.857142857
0,networktoken1666.txt,7,27.42857143
0,networktoken1668.txt,7,4.285714286
0,networktoken1669.txt,7,86.57142857
0,networktoken167.txt,7,2
0,networktoken1670.txt,7,109.7142857
0,networktoken1671.txt,7,21.71428571
0,networktoken1672.txt,7,5.428571429
0,networktoken1673.txt,7,6.714285714
0,networktoken1674.txt,7,6.857142857
0,networktoken1675.txt,7,56.42857143
0,networktoken1676.txt,7,4.857142857
0,networktoken1678.txt,7,9
0,networktoken1679.txt,7,2.857142857
0,networktoken168.txt,7,5.142857143
0,networktoken1680.txt,7,1.714285714
0,networktoken1681.txt,7,2.571428571
0,networktoken1682.txt,7,2
0,networktoken1684.txt,7,10
0,networktoken1685.txt,7,4.714285714
0,networktoken1686.txt,7,61.42857143
0,networktoken1687.txt,7,5.571428571
0,networktoken1688.txt,7,98.57142857
0,networktoken1689.txt,7,3.142857143
0,networktoken169.txt,7,8.714285714
0,networktoken1690.txt,7,10.42857143
0,networktoken1692.txt,7,145.1428571
0,networktoken1693.txt,7,1.714285714
0,networktoken1694.txt,7,41.71428571
0,networktoken1695.txt,7,52.28571429
0,networktoken1696.txt,7,27.71428571
0,networktoken1697.txt,7,63.57142857
0,networktoken1698.txt,7,100
0,networktoken1699.txt,7,31.85714286
0,networktoken170.txt,7,97.57142857
0,networktoken1700.txt,7,12.85714286
0,networktoken1701.txt,7,16.85714286
0,networktoken1702.txt,7,40.57142857
0,networktoken1703.txt,7,8.714285714
0,networktoken1704.txt,7,114.7142857
0,networktoken171.txt,7,2
0,networktoken174.txt,7,1.714285714
0,networktoken176.txt,7,327.2857143
0,networktoken178.txt,7,70.57142857
0,networktoken180.txt,7,8.285714286
0,networktoken181.txt,7,1.714285714
0,networktoken182.txt,7,386.2857143
0,networktoken183.txt,7,3.428571429
0,networktoken184.txt,7,7.857142857
0,networktoken185.txt,7,3.142857143
0,networktoken186.txt,7,607.1428571
0,networktoken188.txt,7,94.57142857
0,networktoken189.txt,7,2.857142857
0,networktoken190.txt,7,747.8571429
0,networktoken192.txt,7,152.8571429
0,networktoken194.txt,7,27.71428571
0,networktoken195.txt,7,11
0,networktoken196.txt,7,106.5714286
0,networktoken197.txt,7,538.5714286
0,networktoken198.txt,7,363.4285714
0,networktoken199.txt,7,4.285714286
0,networktoken200.txt,7,7.571428571
0,networktoken201.txt,7,321.5714286
0,networktoken202.txt,7,7.571428571
0,networktoken203.txt,7,58.28571429
0,networktoken204.txt,7,16.28571429
0,networktoken205.txt,7,3.142857143
0,networktoken208.txt,7,201.4285714
0,networktoken209.txt,7,63.42857143
0,networktoken211.txt,7,4.285714286
0,networktoken212.txt,7,72.42857143
0,networktoken213.txt,7,6
0,networktoken239.txt,7,330.7142857
0,networktoken241.txt,7,510.7142857
0,networktoken243.txt,7,1122.428571
0,networktoken246.txt,7,580.8571429
0,networktoken247.txt,7,139.7142857
0,networktoken248.txt,7,197.8571429
0,networktoken250.txt,7,11.14285714
0,networktoken253.txt,7,1534.428571
0,networktoken254.txt,7,74.14285714
0,networktoken255.txt,7,228.1428571
0,networktoken256.txt,7,4287.571429
0,networktoken257.txt,7,2.857142857
0,networktoken258.txt,7,410.7142857
0,networktoken259.txt,7,1362.285714
0,networktoken260.txt,7,265
0,networktoken261.txt,7,2.571428571
0,networktoken262.txt,7,8.285714286
0,networktoken263.txt,7,501.2857143
0,networktoken266.txt,7,21.57142857
0,networktoken267.txt,7,12.71428571
0,networktoken268.txt,7,5.142857143
0,networktoken269.txt,7,124
0,networktoken270.txt,7,276
0,networktoken271.txt,7,505
0,networktoken272.txt,7,921.7142857
0,networktoken273.txt,7,12.42857143
0,networktoken274.txt,7,12.42857143
0,networktoken275.txt,7,8.285714286
0,networktoken277.txt,7,230.5714286
0,networktoken278.txt,7,661.4285714
0,networktoken279.txt,7,10.57142857
0,networktoken280.txt,7,1403.571429
0,networktoken281.txt,7,1922.285714
0,networktoken283.txt,7,3.571428571
0,networktoken285.txt,7,188.1428571
0,networktoken286.txt,7,12.85714286
0,networktoken287.txt,7,582.5714286
0,networktoken288.txt,7,17.71428571
0,networktoken289.txt,7,289.4285714
0,networktoken290.txt,7,8.571428571
0,networktoken291.txt,7,567.1428571
0,networktoken293.txt,7,813.7142857
0,networktoken294.txt,7,68.28571429
0,networktoken295.txt,7,8
0,networktoken296.txt,7,354.5714286
0,networktoken297.txt,7,465.8571429
0,networktoken298.txt,7,272.4285714
0,networktoken299.txt,7,12.14285714
0,networktoken300.txt,7,1201.428571
0,networktoken301.txt,7,2.428571429
0,networktoken302.txt,7,58.42857143
0,networktoken303.txt,7,3.142857143
0,networktoken304.txt,7,731.4285714
0,networktoken305.txt,7,108.7142857
0,networktoken306.txt,7,3.428571429
0,networktoken307.txt,7,330.7142857
0,networktoken308.txt,7,9.714285714
0,networktoken309.txt,7,565.4285714
0,networktoken310.txt,7,1130.714286
0,networktoken311.txt,7,2158.571429
0,networktoken312.txt,7,14.42857143
0,networktoken313.txt,7,16.28571429
0,networktoken314.txt,7,1081.714286
0,networktoken315.txt,7,99.14285714
0,networktoken316.txt,7,26.85714286
0,networktoken317.txt,7,28.85714286
0,networktoken318.txt,7,2.285714286
0,networktoken319.txt,7,938.7142857
0,networktoken320.txt,7,443.5714286
0,networktoken321.txt,7,1305.428571
0,networktoken322.txt,7,1554.142857
0,networktoken323.txt,7,463.2857143
0,networktoken324.txt,7,58.71428571
0,networktoken326.txt,7,162.8571429
0,networktoken327.txt,7,62.71428571
0,networktoken328.txt,7,102.7142857
0,networktoken329.txt,7,7
0,networktoken331.txt,7,30
0,networktoken332.txt,7,21.85714286
0,networktoken333.txt,7,10.57142857
0,networktoken334.txt,7,1.428571429
0,networktoken335.txt,7,243.8571429
0,networktoken336.txt,7,7.142857143
0,networktoken337.txt,7,12.28571429
0,networktoken338.txt,7,49.14285714
0,networktoken339.txt,7,10.28571429
0,networktoken340.txt,7,3.714285714
0,networktoken341.txt,7,11.85714286
0,networktoken342.txt,7,30.42857143
0,networktoken343.txt,7,16.42857143
0,networktoken344.txt,7,91.85714286
0,networktoken345.txt,7,7.571428571
0,networktoken346.txt,7,330.8571429
0,networktoken347.txt,7,30.42857143
0,networktoken348.txt,7,1.857142857
0,networktoken349.txt,7,36.14285714
0,networktoken350.txt,7,1617.285714
0,networktoken351.txt,7,44.57142857
0,networktoken352.txt,7,7.571428571
0,networktoken353.txt,7,5.571428571
0,networktoken354.txt,7,49.14285714
0,networktoken355.txt,7,122.2857143
0,networktoken356.txt,7,62.14285714
0,networktoken357.txt,7,9.714285714
0,networktoken358.txt,7,22
0,networktoken359.txt,7,191.7142857
0,networktoken360.txt,7,4.142857143
0,networktoken361.txt,7,5.285714286
0,networktoken363.txt,7,2.857142857
0,networktoken364.txt,7,91.14285714
0,networktoken365.txt,7,385
0,networktoken366.txt,7,1000.857143
0,networktoken367.txt,7,1.714285714
0,networktoken368.txt,7,85.57142857
0,networktoken369.txt,7,80.85714286
0,networktoken370.txt,7,37.57142857
0,networktoken371.txt,7,7.571428571
0,networktoken372.txt,7,217.4285714
0,networktoken373.txt,7,161.7142857
0,networktoken374.txt,7,568.5714286
0,networktoken375.txt,7,15.42857143
0,networktoken376.txt,7,283.1428571
0,networktoken377.txt,7,451.4285714
0,networktoken378.txt,7,146.1428571
0,networktoken379.txt,7,69.42857143
0,networktoken380.txt,7,468.7142857
0,networktoken381.txt,7,837.5714286
0,networktoken382.txt,7,2.571428571
0,networktoken383.txt,7,109.7142857
0,networktoken384.txt,7,1073.857143
0,networktoken385.txt,7,252.5714286
0,networktoken386.txt,7,900.4285714
0,networktoken387.txt,7,884
0,networktoken388.txt,7,1.714285714
0,networktoken389.txt,7,4.714285714
0,networktoken390.txt,7,568.7142857
0,networktoken391.txt,7,9.714285714
0,networktoken392.txt,7,26.57142857
0,networktoken393.txt,7,955
0,networktoken395.txt,7,192.4285714
0,networktoken396.txt,7,1209.142857
0,networktoken397.txt,7,3
0,networktoken398.txt,7,3.285714286
0,networktoken399.txt,7,1328.428571
0,networktoken400.txt,7,60
0,networktoken401.txt,7,124.8571429
0,networktoken402.txt,7,37.85714286
0,networktoken403.txt,7,354
0,networktoken404.txt,7,218.8571429
0,networktoken405.txt,7,375.2857143
0,networktoken406.txt,7,13.42857143
0,networktoken407.txt,7,136.1428571
0,networktoken408.txt,7,206.1428571
0,networktoken409.txt,7,10.42857143
0,networktoken410.txt,7,845.5714286
0,networktoken411.txt,7,1073.571429
0,networktoken412.txt,7,55
0,networktoken413.txt,7,860.1428571
0,networktoken414.txt,7,353.2857143
0,networktoken415.txt,7,5.285714286
0,networktoken416.txt,7,889.7142857
0,networktoken417.txt,7,79.85714286
0,networktoken418.txt,7,1025.285714
0,networktoken419.txt,7,229.1428571
0,networktoken420.txt,7,54.85714286
0,networktoken421.txt,7,23.14285714
0,networktoken422.txt,7,936.4285714
0,networktoken423.txt,7,181
0,networktoken424.txt,7,214.7142857
0,networktoken425.txt,7,1.857142857
0,networktoken426.txt,7,205
0,networktoken427.txt,7,125.2857143
0,networktoken428.txt,7,68
0,networktoken429.txt,7,71.85714286
0,networktoken430.txt,7,1.714285714
0,networktoken431.txt,7,51.71428571
0,networktoken432.txt,7,528.7142857
0,networktoken433.txt,7,165.4285714
0,networktoken434.txt,7,1.571428571
0,networktoken435.txt,7,2.857142857
0,networktoken436.txt,7,4.857142857
0,networktoken437.txt,7,7.714285714
0,networktoken438.txt,7,11.42857143
0,networktoken439.txt,7,11.14285714
0,networktoken440.txt,7,152.2857143
0,networktoken441.txt,7,33.28571429
0,networktoken442.txt,7,3
0,networktoken443.txt,7,442.2857143
0,networktoken444.txt,7,212
0,networktoken445.txt,7,2.142857143
0,networktoken446.txt,7,18
0,networktoken447.txt,7,865.5714286
0,networktoken448.txt,7,300.7142857
0,networktoken450.txt,7,355.5714286
0,networktoken451.txt,7,32.71428571
0,networktoken452.txt,7,7
0,networktoken453.txt,7,5.142857143
0,networktoken454.txt,7,738.2857143
0,networktoken455.txt,7,742.8571429
0,networktoken456.txt,7,49.42857143
0,networktoken457.txt,7,731.4285714
0,networktoken458.txt,7,21.85714286
0,networktoken459.txt,7,4.857142857
0,networktoken460.txt,7,7.285714286
0,networktoken461.txt,7,8
0,networktoken462.txt,7,637.1428571
0,networktoken463.txt,7,340.8571429
0,networktoken464.txt,7,7.142857143
0,networktoken465.txt,7,70.71428571
0,networktoken466.txt,7,5.714285714
0,networktoken467.txt,7,587.4285714
0,networktoken468.txt,7,149.5714286
0,networktoken469.txt,7,168.5714286
0,networktoken470.txt,7,158.5714286
0,networktoken471.txt,7,87.71428571
0,networktoken472.txt,7,3
0,networktoken473.txt,7,234
0,networktoken474.txt,7,83
0,networktoken475.txt,7,551.8571429
0,networktoken476.txt,7,2.142857143
0,networktoken477.txt,7,2.142857143
0,networktoken478.txt,7,308.2857143
0,networktoken479.txt,7,51.42857143
0,networktoken480.txt,7,76
0,networktoken481.txt,7,1.857142857
0,networktoken482.txt,7,3.571428571
0,networktoken483.txt,7,227.8571429
0,networktoken484.txt,7,632.4285714
0,networktoken485.txt,7,28.85714286
0,networktoken486.txt,7,20.57142857
0,networktoken487.txt,7,329.7142857
0,networktoken488.txt,7,414.4285714
0,networktoken489.txt,7,85.14285714
0,networktoken490.txt,7,393.7142857
0,networktoken491.txt,7,180.8571429
0,networktoken492.txt,7,3.714285714
0,networktoken493.txt,7,9.285714286
0,networktoken494.txt,7,48.42857143
0,networktoken495.txt,7,2.571428571
0,networktoken496.txt,7,65.71428571
0,networktoken497.txt,7,47.14285714
0,networktoken498.txt,7,548.8571429
0,networktoken499.txt,7,4.857142857
0,networktoken500.txt,7,20.85714286
0,networktoken501.txt,7,4.285714286
0,networktoken502.txt,7,137.8571429
0,networktoken503.txt,7,1.857142857
0,networktoken504.txt,7,3.142857143
0,networktoken506.txt,7,11.57142857
0,networktoken507.txt,7,2.857142857
0,networktoken508.txt,7,66.85714286
0,networktoken509.txt,7,6.428571429
0,networktoken510.txt,7,548.8571429
0,networktoken511.txt,7,3.857142857
0,networktoken512.txt,7,283.1428571
0,networktoken513.txt,7,28.42857143
0,networktoken514.txt,7,4.285714286
0,networktoken515.txt,7,9.571428571
0,networktoken516.txt,7,15.28571429
0,networktoken517.txt,7,5
0,networktoken519.txt,7,5.428571429
0,networktoken520.txt,7,21
0,networktoken521.txt,7,3
0,networktoken522.txt,7,3.571428571
0,networktoken523.txt,7,1.428571429
0,networktoken524.txt,7,551.1428571
0,networktoken525.txt,7,465.2857143
0,networktoken526.txt,7,127.2857143
0,networktoken527.txt,7,1.428571429
0,networktoken528.txt,7,11.14285714
0,networktoken529.txt,7,397.8571429
0,networktoken530.txt,7,64.28571429
0,networktoken531.txt,7,122.4285714
0,networktoken532.txt,7,78.85714286
0,networktoken533.txt,7,8.714285714
0,networktoken534.txt,7,70
0,networktoken535.txt,7,94.85714286
0,networktoken536.txt,7,10
0,networktoken537.txt,7,50.14285714
0,networktoken538.txt,7,24
0,networktoken539.txt,7,418.2857143
0,networktoken540.txt,7,37.14285714
0,networktoken541.txt,7,4.714285714
0,networktoken542.txt,7,12.71428571
0,networktoken543.txt,7,57.14285714
0,networktoken544.txt,7,26.28571429
0,networktoken545.txt,7,224.1428571
0,networktoken546.txt,7,273.2857143
0,networktoken547.txt,7,222.2857143
0,networktoken548.txt,7,4.428571429
0,networktoken549.txt,7,3.428571429
0,networktoken550.txt,7,94.28571429
0,networktoken551.txt,7,454.1428571
0,networktoken552.txt,7,219
0,networktoken553.txt,7,72.71428571
0,networktoken554.txt,7,2.714285714
0,networktoken555.txt,7,206
0,networktoken556.txt,7,355.1428571
0,networktoken557.txt,7,19.57142857
0,networktoken558.txt,7,12.28571429
0,networktoken560.txt,7,29.14285714
0,networktoken561.txt,7,2.142857143
0,networktoken562.txt,7,66.42857143
0,networktoken563.txt,7,1.857142857
0,networktoken564.txt,7,212.1428571
0,networktoken565.txt,7,247.2857143
0,networktoken566.txt,7,111.4285714
0,networktoken567.txt,7,10.85714286
0,networktoken568.txt,7,76.57142857
0,networktoken569.txt,7,362.4285714
0,networktoken570.txt,7,132.8571429
0,networktoken571.txt,7,26.14285714
0,networktoken572.txt,7,473.2857143
0,networktoken573.txt,7,465
0,networktoken574.txt,7,383.2857143
0,networktoken575.txt,7,11.14285714
0,networktoken576.txt,7,4
0,networktoken577.txt,7,4.571428571
0,networktoken578.txt,7,1.714285714
0,networktoken579.txt,7,510.7142857
0,networktoken580.txt,7,3.285714286
0,networktoken581.txt,7,159.2857143
0,networktoken582.txt,7,2
0,networktoken583.txt,7,236.5714286
0,networktoken584.txt,7,59.57142857
0,networktoken585.txt,7,2.571428571
0,networktoken586.txt,7,124.1428571
0,networktoken587.txt,7,4.428571429
0,networktoken588.txt,7,298
0,networktoken589.txt,7,4.285714286
0,networktoken590.txt,7,15.14285714
0,networktoken591.txt,7,79.14285714
0,networktoken592.txt,7,414.4285714
0,networktoken593.txt,7,435.7142857
0,networktoken594.txt,7,1.714285714
0,networktoken595.txt,7,324.5714286
0,networktoken596.txt,7,7.714285714
0,networktoken597.txt,7,473.7142857
0,networktoken598.txt,7,1.857142857
0,networktoken599.txt,7,48.71428571
0,networktoken600.txt,7,1.571428571
0,networktoken601.txt,7,17.42857143
0,networktoken602.txt,7,124.2857143
0,networktoken603.txt,7,157
0,networktoken604.txt,7,134.1428571
0,networktoken605.txt,7,404.7142857
0,networktoken606.txt,7,103.8571429
0,networktoken607.txt,7,117.4285714
0,networktoken608.txt,7,3.571428571
0,networktoken609.txt,7,417.5714286
0,networktoken610.txt,7,101.8571429
0,networktoken611.txt,7,2.142857143
0,networktoken612.txt,7,10.14285714
0,networktoken613.txt,7,78
0,networktoken614.txt,7,316.4285714
0,networktoken615.txt,7,3.142857143
0,networktoken616.txt,7,17.14285714
0,networktoken617.txt,7,34.57142857
0,networktoken618.txt,7,388
0,networktoken619.txt,7,199.4285714
0,networktoken620.txt,7,1.285714286
0,networktoken621.txt,7,260.4285714
0,networktoken622.txt,7,146.1428571
0,networktoken623.txt,7,2.857142857
0,networktoken624.txt,7,3.428571429
0,networktoken625.txt,7,382.1428571
0,networktoken626.txt,7,54.71428571
0,networktoken627.txt,7,5.428571429
0,networktoken628.txt,7,170.5714286
0,networktoken629.txt,7,36.42857143
0,networktoken630.txt,7,7
0,networktoken631.txt,7,1.857142857
0,networktoken632.txt,7,4.714285714
0,networktoken633.txt,7,10.57142857
0,networktoken634.txt,7,6.428571429
0,networktoken635.txt,7,369.7142857
0,networktoken636.txt,7,168.7142857
0,networktoken637.txt,7,1.714285714
0,networktoken638.txt,7,345.7142857
0,networktoken639.txt,7,18.28571429
0,networktoken640.txt,7,53.28571429
0,networktoken641.txt,7,105.5714286
0,networktoken642.txt,7,157.7142857
0,networktoken643.txt,7,83.14285714
0,networktoken644.txt,7,3.857142857
0,networktoken645.txt,7,61.85714286
0,networktoken646.txt,7,200.8571429
0,networktoken647.txt,7,101
0,networktoken648.txt,7,5.857142857
0,networktoken649.txt,7,4.428571429
0,networktoken650.txt,7,2.428571429
0,networktoken651.txt,7,145.7142857
0,networktoken652.txt,7,77.14285714
0,networktoken653.txt,7,58.57142857
0,networktoken654.txt,7,4.428571429
0,networktoken655.txt,7,11.71428571
0,networktoken656.txt,7,1.428571429
0,networktoken657.txt,7,3.857142857
0,networktoken658.txt,7,2.428571429
0,networktoken659.txt,7,1.714285714
0,networktoken660.txt,7,57.85714286
0,networktoken661.txt,7,167.2857143
0,networktoken662.txt,7,22
0,networktoken663.txt,7,4.714285714
0,networktoken664.txt,7,24.28571429
0,networktoken665.txt,7,5.857142857
0,networktoken666.txt,7,277.7142857
0,networktoken667.txt,7,304.5714286
0,networktoken668.txt,7,110.2857143
0,networktoken669.txt,7,137.4285714
0,networktoken670.txt,7,2.142857143
0,networktoken671.txt,7,119.1428571
0,networktoken672.txt,7,104.7142857
0,networktoken674.txt,7,14
0,networktoken675.txt,7,298.8571429
0,networktoken676.txt,7,152.7142857
0,networktoken677.txt,7,5.714285714
0,networktoken678.txt,7,164.8571429
0,networktoken679.txt,7,179.5714286
0,networktoken680.txt,7,128.2857143
0,networktoken681.txt,7,107.8571429
0,networktoken682.txt,7,2.142857143
0,networktoken683.txt,7,105.1428571
0,networktoken684.txt,7,2.285714286
0,networktoken685.txt,7,83
0,networktoken686.txt,7,142.8571429
0,networktoken687.txt,7,68
0,networktoken688.txt,7,101.8571429
0,networktoken689.txt,7,31.28571429
0,networktoken690.txt,7,38.28571429
0,networktoken691.txt,7,220.1428571
0,networktoken692.txt,7,6.428571429
0,networktoken693.txt,7,23.71428571
0,networktoken694.txt,7,110
0,networktoken695.txt,7,46.85714286
0,networktoken696.txt,7,3.428571429
0,networktoken697.txt,7,1.285714286
0,networktoken698.txt,7,167.5714286
0,networktoken699.txt,7,154.7142857
0,networktoken700.txt,7,16.42857143
0,networktoken701.txt,7,21
0,networktoken703.txt,7,89.57142857
0,networktoken704.txt,7,56.42857143
0,networktoken705.txt,7,2.142857143
0,networktoken706.txt,7,203.2857143
0,networktoken707.txt,7,47.42857143
0,networktoken709.txt,7,34.85714286
0,networktoken710.txt,7,92.42857143
0,networktoken711.txt,7,158.7142857
0,networktoken712.txt,7,9.857142857
0,networktoken713.txt,7,162
0,networktoken714.txt,7,8.714285714
0,networktoken715.txt,7,244.1428571
0,networktoken716.txt,7,39.28571429
0,networktoken717.txt,7,83.57142857
0,networktoken718.txt,7,111.5714286
0,networktoken719.txt,7,6.428571429
0,networktoken720.txt,7,4
0,networktoken721.txt,7,128
0,networktoken723.txt,7,107.5714286
0,networktoken724.txt,7,27.14285714
0,networktoken725.txt,7,135.1428571
0,networktoken726.txt,7,89.57142857
0,networktoken727.txt,7,1.571428571
0,networktoken728.txt,7,140.8571429
0,networktoken729.txt,7,64.57142857
0,networktoken730.txt,7,157.1428571
0,networktoken731.txt,7,1.714285714
0,networktoken732.txt,7,20
0,networktoken733.txt,7,39.14285714
0,networktoken734.txt,7,122.7142857
0,networktoken736.txt,7,20.57142857
0,networktoken737.txt,7,4.285714286
0,networktoken738.txt,7,11
0,networktoken739.txt,7,152.1428571
0,networktoken740.txt,7,10.14285714
0,networktoken741.txt,7,2.142857143
0,networktoken742.txt,7,11.14285714
0,networktoken743.txt,7,74
0,networktoken744.txt,7,43.85714286
0,networktoken745.txt,7,1.714285714
0,networktoken746.txt,7,14.85714286
0,networktoken747.txt,7,158.1428571
0,networktoken748.txt,7,17.57142857
0,networktoken749.txt,7,97
0,networktoken750.txt,7,2.571428571
0,networktoken751.txt,7,94.57142857
0,networktoken752.txt,7,13.28571429
0,networktoken753.txt,7,64.85714286
0,networktoken755.txt,7,208.4285714
0,networktoken756.txt,7,85.28571429
0,networktoken757.txt,7,3
0,networktoken758.txt,7,144
0,networktoken759.txt,7,42.57142857
0,networktoken760.txt,7,6.285714286
0,networktoken761.txt,7,9.857142857
0,networktoken762.txt,7,132
0,networktoken763.txt,7,224.8571429
0,networktoken764.txt,7,175.7142857
0,networktoken765.txt,7,93.57142857
0,networktoken766.txt,7,2
0,networktoken767.txt,7,163.5714286
0,networktoken768.txt,7,304.1428571
0,networktoken769.txt,7,229.8571429
0,networktoken770.txt,7,10.57142857
0,networktoken771.txt,7,12.42857143
0,networktoken772.txt,7,97
0,networktoken773.txt,7,4.285714286
0,networktoken774.txt,7,130.1428571
0,networktoken775.txt,7,32.14285714
0,networktoken776.txt,7,29.71428571
0,networktoken777.txt,7,8
0,networktoken778.txt,7,6.571428571
0,networktoken779.txt,7,76.28571429
0,networktoken780.txt,7,2.571428571
0,networktoken781.txt,7,38.71428571
0,networktoken782.txt,7,40.42857143
0,networktoken783.txt,7,248.1428571
0,networktoken784.txt,7,26
0,networktoken785.txt,7,2.857142857
0,networktoken786.txt,7,315.2857143
0,networktoken787.txt,7,2.571428571
0,networktoken788.txt,7,163.7142857
0,networktoken789.txt,7,2
0,networktoken790.txt,7,272.8571429
0,networktoken791.txt,7,152.7142857
0,networktoken792.txt,7,36.57142857
0,networktoken793.txt,7,342
0,networktoken794.txt,7,12.71428571
0,networktoken795.txt,7,36.28571429
0,networktoken797.txt,7,152.7142857
0,networktoken798.txt,7,138.2857143
0,networktoken799.txt,7,11.28571429
0,networktoken800.txt,7,94.85714286
0,networktoken801.txt,7,26.28571429
0,networktoken802.txt,7,60.57142857
0,networktoken803.txt,7,1.714285714
0,networktoken805.txt,7,34.71428571
0,networktoken806.txt,7,168.5714286
0,networktoken807.txt,7,96.28571429
0,networktoken808.txt,7,27.71428571
0,networktoken809.txt,7,28.42857143
0,networktoken810.txt,7,96.85714286
0,networktoken811.txt,7,222.7142857
0,networktoken812.txt,7,39.42857143
0,networktoken813.txt,7,37.71428571
0,networktoken814.txt,7,128.7142857
0,networktoken815.txt,7,3.857142857
0,networktoken816.txt,7,12.71428571
0,networktoken817.txt,7,28.14285714
0,networktoken818.txt,7,2.142857143
0,networktoken819.txt,7,1.857142857
0,networktoken820.txt,7,23.42857143
0,networktoken821.txt,7,163.1428571
0,networktoken822.txt,7,3.428571429
0,networktoken823.txt,7,5.142857143
0,networktoken824.txt,7,2.142857143
0,networktoken825.txt,7,35.85714286
0,networktoken826.txt,7,172.8571429
0,networktoken827.txt,7,42.14285714
0,networktoken828.txt,7,143.4285714
0,networktoken829.txt,7,15.14285714
0,networktoken830.txt,7,2
0,networktoken831.txt,7,2
0,networktoken832.txt,7,140
0,networktoken833.txt,7,8.857142857
0,networktoken834.txt,7,108.8571429
0,networktoken835.txt,7,1.571428571
0,networktoken836.txt,7,144.7142857
0,networktoken837.txt,7,122
0,networktoken838.txt,7,22.71428571
0,networktoken839.txt,7,4.142857143
0,networktoken840.txt,7,3.142857143
0,networktoken841.txt,7,50.71428571
0,networktoken842.txt,7,2.285714286
0,networktoken843.txt,7,4.714285714
0,networktoken844.txt,7,34
0,networktoken846.txt,7,20.85714286
0,networktoken847.txt,7,65.57142857
0,networktoken848.txt,7,2.428571429
0,networktoken849.txt,7,9.857142857
0,networktoken850.txt,7,123.2857143
0,networktoken851.txt,7,24.71428571
0,networktoken852.txt,7,90
0,networktoken853.txt,7,3.571428571
0,networktoken854.txt,7,20.71428571
0,networktoken855.txt,7,170.8571429
0,networktoken856.txt,7,148.1428571
0,networktoken857.txt,7,2
0,networktoken858.txt,7,3.285714286
0,networktoken859.txt,7,142.8571429
0,networktoken860.txt,7,2.571428571
0,networktoken861.txt,7,148.5714286
0,networktoken862.txt,7,555
0,networktoken863.txt,7,2
0,networktoken864.txt,7,53.28571429
0,networktoken865.txt,7,169.8571429
0,networktoken866.txt,7,26.85714286
0,networktoken868.txt,7,305.4285714
0,networktoken869.txt,7,49.14285714
0,networktoken870.txt,7,1.428571429
0,networktoken871.txt,7,14.57142857
0,networktoken872.txt,7,17
0,networktoken873.txt,7,3.285714286
0,networktoken874.txt,7,6.714285714
0,networktoken875.txt,7,143.8571429
0,networktoken876.txt,7,61.71428571
0,networktoken877.txt,7,309.4285714
0,networktoken878.txt,7,67.42857143
0,networktoken879.txt,7,95.14285714
0,networktoken880.txt,7,96.42857143
0,networktoken881.txt,7,301.5714286
0,networktoken883.txt,7,1.714285714
0,networktoken884.txt,7,4.571428571
0,networktoken885.txt,7,2.571428571
0,networktoken886.txt,7,172.5714286
0,networktoken887.txt,7,8.714285714
0,networktoken888.txt,7,3.285714286
0,networktoken889.txt,7,62
0,networktoken890.txt,7,4.142857143
0,networktoken891.txt,7,34.14285714
0,networktoken892.txt,7,4.285714286
0,networktoken893.txt,7,8.428571429
0,networktoken894.txt,7,75.28571429
0,networktoken895.txt,7,274.1428571
0,networktoken896.txt,7,1.571428571
0,networktoken897.txt,7,10.42857143
0,networktoken898.txt,7,130.8571429
0,networktoken899.txt,7,3
0,networktoken900.txt,7,5.285714286
0,networktoken901.txt,7,4.571428571
0,networktoken902.txt,7,172.1428571
0,networktoken903.txt,7,2.428571429
0,networktoken904.txt,7,57.85714286
0,networktoken905.txt,7,19.85714286
0,networktoken906.txt,7,117
0,networktoken907.txt,7,70.42857143
0,networktoken908.txt,7,6.285714286
0,networktoken909.txt,7,11.57142857
0,networktoken910.txt,7,26.71428571
0,networktoken911.txt,7,128.4285714
0,networktoken912.txt,7,12
0,networktoken913.txt,7,9.142857143
0,networktoken914.txt,7,82.28571429
0,networktoken916.txt,7,7.428571429
0,networktoken917.txt,7,208
0,networktoken918.txt,7,22.28571429
0,networktoken919.txt,7,4.285714286
0,networktoken921.txt,7,81
0,networktoken922.txt,7,26.71428571
0,networktoken923.txt,7,1.428571429
0,networktoken924.txt,7,92.57142857
0,networktoken925.txt,7,31.57142857
0,networktoken926.txt,7,48.42857143
0,networktoken927.txt,7,2.714285714
0,networktoken928.txt,7,20.71428571
0,networktoken929.txt,7,2.428571429
0,networktoken930.txt,7,275
0,networktoken931.txt,7,48.71428571
0,networktoken932.txt,7,131.4285714
0,networktoken933.txt,7,113.5714286
0,networktoken935.txt,7,3.285714286
0,networktoken936.txt,7,305.1428571
0,networktoken937.txt,7,16.42857143
0,networktoken938.txt,7,41.57142857
0,networktoken939.txt,7,3.857142857
0,networktoken940.txt,7,2.714285714
0,networktoken941.txt,7,69.85714286
0,networktoken942.txt,7,6.571428571
0,networktoken943.txt,7,81.14285714
0,networktoken944.txt,7,47.42857143
0,networktoken945.txt,7,6
0,networktoken946.txt,7,36.14285714
0,networktoken947.txt,7,9.285714286
0,networktoken948.txt,7,146.7142857
0,networktoken949.txt,7,6.714285714
0,networktoken950.txt,7,2.428571429
0,networktoken951.txt,7,4.285714286
0,networktoken952.txt,7,4.428571429
0,networktoken953.txt,7,26.57142857
0,networktoken954.txt,7,2.428571429
0,networktoken955.txt,7,2.428571429
0,networktoken956.txt,7,120.4285714
0,networktoken957.txt,7,4
0,networktoken958.txt,7,17.14285714
0,networktoken959.txt,7,102.8571429
0,networktoken960.txt,7,64.85714286
0,networktoken961.txt,7,2.142857143
0,networktoken963.txt,7,1.428571429
0,networktoken964.txt,7,161.8571429
0,networktoken965.txt,7,152.7142857
0,networktoken966.txt,7,5.142857143
0,networktoken967.txt,7,7.142857143
0,networktoken968.txt,7,132.8571429
0,networktoken969.txt,7,7
0,networktoken970.txt,7,2.142857143
0,networktoken994.txt,7,270
0,networktoken996.txt,7,26.85714286
0,networktoken997.txt,7,2.285714286
0,networktoken998.txt,7,57.85714286
0,networktoken999.txt,7,19.28571429
0,networktracto.txt,7,2.571428571
0,networktronix.txt,7,258.7142857
0,networkutrust.txt,7,1909.142857
0,networkvechain.txt,7,545.5714286
0,networkveritaseum.txt,7,11.14285714
0,networkveros.txt,7,316.4285714
0,networkvibe.txt,7,1.714285714
0,networkwalton.txt,7,43.28571429
0,networkwaxtoken.txt,7,803.8571429
0,networkwepower.txt,7,184.2857143
0,networkwings.txt,7,713.7142857
0,networkwiseplat.txt,7,3778.714286
0,networkyee.txt,7,2147.142857
0,networkyocoin.txt,7,1.857142857
0,networkzbcoin.txt,7,118.5714286
0,networkzilliqa.txt,7,858.8571429
0,networkzrx.txt,7,3684.428571
