0,networkadex.txt,310
0,networkaeternity.txt,246
0,networkaion.txt,207
0,networkairswap.txt,208
0,networkalphaprotocol.txt,78
0,networkamber.txt,211
0,networkaragon.txt,354
0,networkarcblock.txt,72
0,networkatmchain.txt,230
0,networkbancor.txt,328
0,networkbat.txt,342
0,networkbcdn.txt,543
0,networkbeautychain1.txt,84
0,networkbeautychain2.txt,13
0,networkbitcoineos.txt,78
0,networkbitcoinereum.txt,202
0,networkbitqy.txt,370
0,networkbitserial.txt,183
0,networkbixtoken.txt,219
0,networkblockv.txt,164
0,networkbluzelle.txt,111
0,networkbnb.txt,303
0,networkbptn.txt,108
0,networkbread.txt,141
0,networkbtl.txt,108
0,networkbytom.txt,297
0,networkcartaxi.txt,220
0,networkccrb.txt,626
0,networkcentra.txt,278
0,networkcentralitytoken.txt,111
0,networkchainlinktoken.txt,232
0,networkchangebank.txt,239
0,networkchatcoin.txt,150
0,networkcindicator.txt,238
0,networkcivic.txt,298
0,networkcnntoken.txt,67
0,networkcobinhood.txt,237
0,networkcofoundit.txt,331
0,networkcoindash.txt,285
0,networkconsumeractivitytoken.txt,54
0,networkcortexcoin.txt,57
0,networkcredits.txt,77
0,networkcredo.txt,338
0,networkcryptaur.txt,138
0,networkcrypterium.txt,140
0,networkcrypto20.txt,203
0,networkcryptokitties.txt,163
0,networkcryptonex.txt,243
0,networkcube.txt,74
0,networkcybereits.txt,115
0,networkcybermiles.txt,152
0,networkdatacoin.txt,206
0,networkdatx.txt,92
0,networkdecentraland.txt,262
0,networkdent.txt,297
0,networkdentacoin.txt,446
0,networkdgd.txt,737
0,networkdice.txt,447
0,networkdistrict0x.txt,278
0,networkdragon.txt,156
0,networkdropil.txt,86
0,networkedgeless.txt,432
0,networkeducare.txt,134
0,networkelf.txt,139
0,networkenigma.txt,206
0,networkenjincoin.txt,216
0,networkenumiro.txt,87
0,networkeos.txt,314
0,networkeosdac.txt,64
0,networketherwisdom.txt,213
0,networkethgas.txt,187
0,networkethlend.txt,220
0,networkethos.txt,311
0,networkeverex.txt,219
0,networkextradecash.txt,105
0,networkfirstblood.txt,587
0,networkfunfair.txt,296
0,networkgenarox.txt,217
0,networkgenesisvision.txt,203
0,networkgifto.txt,143
0,networkglobalsocialchain.txt,67
0,networkgnosis.txt,378
0,networkgoldreward.txt,205
0,networkgolem.txt,541
0,networkhms.txt,249
0,networkhpbcoin.txt,255
0,networkhuobitoken.txt,95
0,networkhurify.txt,129
0,networkico.txt,332
0,networkicon.txt,228
0,networkiconomi.txt,559
0,networkins.txt,159
0,networkinsurchain.txt,112
0,networkintelligentcommercechain.txt,98
0,networkinternetnodetoken.txt,252
0,networkiostoken.txt,115
0,networkiotchain.txt,163
0,networkkin.txt,236
0,networkkucoinshares.txt,257
0,networkkybernetwork.txt,233
0,networklendconnect.txt,162
0,networklino.txt,85
0,networklltoken.txt,253
0,networklogarithm.txt,185
0,networkloopring.txt,278
0,networkmaker.txt,162
0,networkmatrixainetwork.txt,109
0,networkmcap.txt,347
0,networkmetal.txt,311
0,networkminereum.txt,380
0,networkmkr.txt,757
0,networkmodumtoken.txt,198
0,networkmonaco.txt,314
0,networkmt.txt,56
0,networknagacoin.txt,137
0,networknebulas.txt,286
0,networknucleusvision.txt,70
0,networknulls.txt,219
0,networkomisego.txt,304
0,networkormeuscoin.txt,256
0,networkoxbitcoin.txt,88
0,networkoysterpearl.txt,198
0,networkpaypie.txt,208
0,networkpentanetwork.txt,70
0,networkpillar.txt,296
0,networkpo.et.txt,257
0,networkpolyai.txt,188
0,networkpolybius.txt,340
0,networkpolymath.txt,95
0,networkpopulous.txt,300
0,networkpowerledger.txt,337
0,networkqash.txt,208
0,networkqrl.txt,332
0,networkqtum.txt,304
0,networkquantstamp.txt,170
0,networkqunquncommunities.txt,121
0,networkraiden.txt,200
0,networkredmwat.txt,111
0,networkrep.txt,282
0,networkreputation.txt,577
0,networkrequest.txt,207
0,networkrevain.txt,243
0,networkrhoc.txt,412
0,networkripiocreditnetwork.txt,194
0,networkrlc.txt,383
0,networkruff.txt,104
0,networksalt.txt,278
0,networksan.txt,306
0,networkscam_plexcoint.txt,266
0,networkshiftcashextrabonus.txt,93
0,networkshowcoin.txt,118
0,networksimpletoken.txt,177
0,networksingularitynet.txt,136
0,networksirin.txt,145
0,networksmartbillions.txt,204
0,networksngls.txt,581
0,networksonm.txt,325
0,networksphtx.txt,138
0,networkstatusnetwork.txt,320
0,networkstockchain.txt,54
0,networkstorj.txt,321
0,networkstorm.txt,180
0,networkstox.txt,277
0,networksubstratum.txt,285
0,networktelcoin.txt,114
0,networkteleport.txt,377
0,networktenxpay.txt,316
0,networktestpogo1.txt,20
0,networkthedao.txt,722
0,networkthetatoken.txt,143
0,networktierion.txt,254
0,networktimenewbank.txt,190
0,networktimereum.txt,267
0,networktoken1000.txt,82
0,networktoken1001.txt,79
0,networktoken1002.txt,92
0,networktoken1003.txt,100
0,networktoken1004.txt,36
0,networktoken1005.txt,109
0,networktoken1006.txt,32
0,networktoken1007.txt,50
0,networktoken1008.txt,104
0,networktoken1009.txt,113
0,networktoken1010.txt,86
0,networktoken1011.txt,54
0,networktoken1012.txt,51
0,networktoken1013.txt,63
0,networktoken1014.txt,84
0,networktoken1015.txt,137
0,networktoken1016.txt,79
0,networktoken1017.txt,23
0,networktoken1018.txt,113
0,networktoken1019.txt,55
0,networktoken1020.txt,113
0,networktoken1021.txt,34
0,networktoken1022.txt,87
0,networktoken1023.txt,99
0,networktoken1024.txt,198
0,networktoken1025.txt,95
0,networktoken1026.txt,143
0,networktoken1027.txt,113
0,networktoken1028.txt,141
0,networktoken1029.txt,33
0,networktoken1030.txt,66
0,networktoken1031.txt,95
0,networktoken1032.txt,95
0,networktoken1033.txt,206
0,networktoken1034.txt,41
0,networktoken1035.txt,97
0,networktoken1036.txt,79
0,networktoken1037.txt,119
0,networktoken1038.txt,94
0,networktoken1039.txt,104
0,networktoken1040.txt,57
0,networktoken1041.txt,85
0,networktoken1042.txt,99
0,networktoken1043.txt,150
0,networktoken1044.txt,67
0,networktoken1045.txt,55
0,networktoken1046.txt,30
0,networktoken1047.txt,82
0,networktoken1048.txt,59
0,networktoken1049.txt,98
0,networktoken1050.txt,74
0,networktoken1051.txt,104
0,networktoken1052.txt,70
0,networktoken1053.txt,109
0,networktoken1054.txt,41
0,networktoken1055.txt,158
0,networktoken1056.txt,71
0,networktoken1057.txt,59
0,networktoken1058.txt,97
0,networktoken1059.txt,89
0,networktoken1060.txt,72
0,networktoken1061.txt,23
0,networktoken1062.txt,75
0,networktoken1063.txt,70
0,networktoken1064.txt,87
0,networktoken1065.txt,154
0,networktoken1066.txt,96
0,networktoken1067.txt,56
0,networktoken1068.txt,95
0,networktoken1069.txt,92
0,networktoken1070.txt,122
0,networktoken1071.txt,64
0,networktoken1072.txt,81
0,networktoken1073.txt,72
0,networktoken1074.txt,51
0,networktoken1075.txt,82
0,networktoken1076.txt,94
0,networktoken1077.txt,108
0,networktoken1078.txt,100
0,networktoken1079.txt,88
0,networktoken1080.txt,71
0,networktoken1081.txt,68
0,networktoken1082.txt,149
0,networktoken1083.txt,100
0,networktoken1084.txt,66
0,networktoken1085.txt,133
0,networktoken1086.txt,108
0,networktoken1087.txt,67
0,networktoken1088.txt,103
0,networktoken1089.txt,82
0,networktoken1090.txt,68
0,networktoken1091.txt,69
0,networktoken1092.txt,48
0,networktoken1093.txt,99
0,networktoken1094.txt,90
0,networktoken1095.txt,87
0,networktoken1096.txt,53
0,networktoken1097.txt,65
0,networktoken1098.txt,24
0,networktoken1099.txt,38
0,networktoken1100.txt,94
0,networktoken1101.txt,71
0,networktoken1102.txt,80
0,networktoken1103.txt,37
0,networktoken1104.txt,82
0,networktoken1105.txt,153
0,networktoken1106.txt,74
0,networktoken1107.txt,64
0,networktoken1108.txt,70
0,networktoken1109.txt,44
0,networktoken1110.txt,103
0,networktoken1111.txt,60
0,networktoken1112.txt,78
0,networktoken1113.txt,107
0,networktoken1114.txt,68
0,networktoken1115.txt,59
0,networktoken1116.txt,12
0,networktoken1117.txt,141
0,networktoken1118.txt,59
0,networktoken1119.txt,104
0,networktoken112.txt,251
0,networktoken1120.txt,216
0,networktoken1121.txt,87
0,networktoken1122.txt,41
0,networktoken1123.txt,96
0,networktoken1124.txt,69
0,networktoken1125.txt,102
0,networktoken1126.txt,90
0,networktoken1127.txt,106
0,networktoken1128.txt,44
0,networktoken1129.txt,84
0,networktoken1130.txt,73
0,networktoken1131.txt,9
0,networktoken1132.txt,66
0,networktoken1133.txt,90
0,networktoken1134.txt,89
0,networktoken1135.txt,89
0,networktoken1136.txt,87
0,networktoken1137.txt,98
0,networktoken1138.txt,96
0,networktoken1139.txt,71
0,networktoken114.txt,445
0,networktoken1140.txt,52
0,networktoken1141.txt,60
0,networktoken1142.txt,16
0,networktoken1143.txt,93
0,networktoken1144.txt,106
0,networktoken1145.txt,70
0,networktoken1146.txt,88
0,networktoken1147.txt,50
0,networktoken1148.txt,81
0,networktoken1149.txt,73
0,networktoken115.txt,295
0,networktoken1150.txt,96
0,networktoken1151.txt,93
0,networktoken1152.txt,118
0,networktoken1153.txt,8
0,networktoken1154.txt,87
0,networktoken1155.txt,69
0,networktoken1156.txt,106
0,networktoken1157.txt,123
0,networktoken1158.txt,67
0,networktoken1159.txt,99
0,networktoken116.txt,300
0,networktoken1160.txt,108
0,networktoken1161.txt,73
0,networktoken1162.txt,51
0,networktoken1163.txt,83
0,networktoken1164.txt,47
0,networktoken1165.txt,93
0,networktoken1166.txt,51
0,networktoken1167.txt,72
0,networktoken1168.txt,55
0,networktoken1169.txt,97
0,networktoken117.txt,185
0,networktoken1170.txt,38
0,networktoken1171.txt,88
0,networktoken1172.txt,212
0,networktoken1173.txt,22
0,networktoken1174.txt,69
0,networktoken1175.txt,87
0,networktoken1176.txt,40
0,networktoken1177.txt,109
0,networktoken1178.txt,95
0,networktoken1179.txt,79
0,networktoken118.txt,181
0,networktoken1180.txt,47
0,networktoken1181.txt,56
0,networktoken1182.txt,93
0,networktoken1183.txt,29
0,networktoken1184.txt,89
0,networktoken1185.txt,156
0,networktoken1186.txt,106
0,networktoken1187.txt,53
0,networktoken1188.txt,163
0,networktoken1189.txt,41
0,networktoken119.txt,249
0,networktoken1190.txt,47
0,networktoken1191.txt,111
0,networktoken1192.txt,57
0,networktoken1193.txt,65
0,networktoken1194.txt,46
0,networktoken1195.txt,6
0,networktoken1196.txt,128
0,networktoken1197.txt,133
0,networktoken1198.txt,164
0,networktoken1199.txt,96
0,networktoken120.txt,290
0,networktoken1200.txt,40
0,networktoken1201.txt,62
0,networktoken1202.txt,62
0,networktoken1203.txt,49
0,networktoken1204.txt,99
0,networktoken1205.txt,76
0,networktoken1206.txt,103
0,networktoken1207.txt,131
0,networktoken1208.txt,121
0,networktoken1209.txt,79
0,networktoken121.txt,314
0,networktoken1210.txt,83
0,networktoken1211.txt,145
0,networktoken1212.txt,159
0,networktoken1213.txt,76
0,networktoken1214.txt,77
0,networktoken1215.txt,116
0,networktoken1216.txt,175
0,networktoken1217.txt,26
0,networktoken1218.txt,132
0,networktoken1219.txt,72
0,networktoken1220.txt,69
0,networktoken1221.txt,79
0,networktoken1222.txt,65
0,networktoken1223.txt,85
0,networktoken1224.txt,64
0,networktoken1225.txt,185
0,networktoken1226.txt,52
0,networktoken1227.txt,13
0,networktoken1228.txt,62
0,networktoken1229.txt,73
0,networktoken123.txt,231
0,networktoken1230.txt,43
0,networktoken1231.txt,306
0,networktoken1232.txt,94
0,networktoken1233.txt,146
0,networktoken1234.txt,69
0,networktoken1235.txt,89
0,networktoken1236.txt,50
0,networktoken1237.txt,90
0,networktoken1238.txt,66
0,networktoken1239.txt,188
0,networktoken124.txt,114
0,networktoken1240.txt,137
0,networktoken1241.txt,68
0,networktoken1242.txt,195
0,networktoken1243.txt,34
0,networktoken1244.txt,92
0,networktoken1245.txt,55
0,networktoken1246.txt,147
0,networktoken1247.txt,102
0,networktoken1248.txt,74
0,networktoken1249.txt,59
0,networktoken125.txt,179
0,networktoken1250.txt,120
0,networktoken1251.txt,159
0,networktoken1252.txt,76
0,networktoken1253.txt,137
0,networktoken1254.txt,56
0,networktoken1255.txt,80
0,networktoken1256.txt,11
0,networktoken1257.txt,94
0,networktoken1258.txt,48
0,networktoken1259.txt,163
0,networktoken126.txt,111
0,networktoken1260.txt,53
0,networktoken1261.txt,64
0,networktoken1262.txt,54
0,networktoken1263.txt,151
0,networktoken1264.txt,38
0,networktoken1265.txt,82
0,networktoken1266.txt,130
0,networktoken1267.txt,26
0,networktoken1268.txt,73
0,networktoken1269.txt,66
0,networktoken127.txt,217
0,networktoken1270.txt,78
0,networktoken1271.txt,76
0,networktoken1272.txt,98
0,networktoken1273.txt,156
0,networktoken1274.txt,95
0,networktoken1275.txt,68
0,networktoken1276.txt,106
0,networktoken1277.txt,89
0,networktoken1278.txt,51
0,networktoken1279.txt,55
0,networktoken128.txt,246
0,networktoken1280.txt,101
0,networktoken1281.txt,51
0,networktoken1282.txt,109
0,networktoken1283.txt,61
0,networktoken1284.txt,46
0,networktoken1285.txt,65
0,networktoken1286.txt,30
0,networktoken1287.txt,84
0,networktoken1288.txt,51
0,networktoken1289.txt,108
0,networktoken129.txt,457
0,networktoken1290.txt,94
0,networktoken1291.txt,51
0,networktoken1292.txt,47
0,networktoken1293.txt,119
0,networktoken1294.txt,113
0,networktoken1295.txt,138
0,networktoken1296.txt,182
0,networktoken1297.txt,45
0,networktoken1298.txt,118
0,networktoken1299.txt,64
0,networktoken130.txt,312
0,networktoken1300.txt,81
0,networktoken1301.txt,123
0,networktoken1302.txt,41
0,networktoken1303.txt,46
0,networktoken1304.txt,83
0,networktoken1305.txt,143
0,networktoken1306.txt,59
0,networktoken1307.txt,77
0,networktoken1308.txt,55
0,networktoken1309.txt,63
0,networktoken131.txt,320
0,networktoken1310.txt,163
0,networktoken1311.txt,95
0,networktoken1312.txt,94
0,networktoken1313.txt,62
0,networktoken1314.txt,77
0,networktoken1315.txt,97
0,networktoken1316.txt,53
0,networktoken1317.txt,55
0,networktoken1318.txt,130
0,networktoken1319.txt,27
0,networktoken132.txt,301
0,networktoken1320.txt,109
0,networktoken1321.txt,18
0,networktoken1322.txt,67
0,networktoken1323.txt,44
0,networktoken1324.txt,105
0,networktoken1325.txt,98
0,networktoken1326.txt,106
0,networktoken1327.txt,114
0,networktoken1328.txt,216
0,networktoken1329.txt,88
0,networktoken133.txt,208
0,networktoken1330.txt,98
0,networktoken1331.txt,50
0,networktoken1332.txt,68
0,networktoken1333.txt,108
0,networktoken1334.txt,54
0,networktoken1335.txt,93
0,networktoken1336.txt,141
0,networktoken1337.txt,174
0,networktoken1338.txt,94
0,networktoken1339.txt,55
0,networktoken134.txt,151
0,networktoken1340.txt,93
0,networktoken1341.txt,59
0,networktoken1342.txt,107
0,networktoken1343.txt,111
0,networktoken1344.txt,39
0,networktoken1345.txt,107
0,networktoken1346.txt,77
0,networktoken1347.txt,84
0,networktoken1348.txt,107
0,networktoken1349.txt,117
0,networktoken135.txt,146
0,networktoken1350.txt,156
0,networktoken1351.txt,153
0,networktoken1352.txt,42
0,networktoken1353.txt,26
0,networktoken1354.txt,181
0,networktoken1355.txt,25
0,networktoken1356.txt,240
0,networktoken1357.txt,114
0,networktoken1358.txt,124
0,networktoken1359.txt,21
0,networktoken136.txt,247
0,networktoken1360.txt,52
0,networktoken1361.txt,125
0,networktoken1362.txt,44
0,networktoken1363.txt,32
0,networktoken1364.txt,110
0,networktoken1365.txt,27
0,networktoken1366.txt,154
0,networktoken1367.txt,95
0,networktoken1368.txt,78
0,networktoken1369.txt,103
0,networktoken1370.txt,11
0,networktoken1371.txt,147
0,networktoken1372.txt,104
0,networktoken1373.txt,122
0,networktoken1374.txt,45
0,networktoken1375.txt,95
0,networktoken1376.txt,24
0,networktoken1377.txt,42
0,networktoken1378.txt,34
0,networktoken1379.txt,114
0,networktoken138.txt,352
0,networktoken1380.txt,109
0,networktoken1381.txt,94
0,networktoken1382.txt,58
0,networktoken1383.txt,112
0,networktoken1384.txt,105
0,networktoken1385.txt,60
0,networktoken1386.txt,45
0,networktoken1387.txt,38
0,networktoken1388.txt,85
0,networktoken1389.txt,54
0,networktoken139.txt,207
0,networktoken1390.txt,121
0,networktoken1391.txt,74
0,networktoken1392.txt,100
0,networktoken1393.txt,109
0,networktoken1394.txt,99
0,networktoken1395.txt,19
0,networktoken1396.txt,29
0,networktoken1397.txt,75
0,networktoken1398.txt,67
0,networktoken1399.txt,98
0,networktoken140.txt,316
0,networktoken1400.txt,23
0,networktoken1401.txt,47
0,networktoken1402.txt,72
0,networktoken1403.txt,150
0,networktoken1404.txt,69
0,networktoken1405.txt,59
0,networktoken1406.txt,143
0,networktoken1407.txt,113
0,networktoken1408.txt,123
0,networktoken1409.txt,96
0,networktoken141.txt,285
0,networktoken1410.txt,48
0,networktoken1411.txt,59
0,networktoken1412.txt,88
0,networktoken1413.txt,77
0,networktoken1414.txt,43
0,networktoken1415.txt,165
0,networktoken1416.txt,92
0,networktoken1417.txt,39
0,networktoken1418.txt,103
0,networktoken1419.txt,84
0,networktoken142.txt,194
0,networktoken1420.txt,59
0,networktoken1421.txt,144
0,networktoken1422.txt,25
0,networktoken1423.txt,64
0,networktoken1424.txt,169
0,networktoken1425.txt,100
0,networktoken1426.txt,80
0,networktoken1427.txt,46
0,networktoken1428.txt,72
0,networktoken1429.txt,158
0,networktoken1430.txt,142
0,networktoken1431.txt,74
0,networktoken1432.txt,33
0,networktoken1433.txt,82
0,networktoken1434.txt,71
0,networktoken1435.txt,183
0,networktoken1436.txt,102
0,networktoken1437.txt,60
0,networktoken1438.txt,127
0,networktoken1439.txt,134
0,networktoken144.txt,379
0,networktoken1440.txt,238
0,networktoken1441.txt,87
0,networktoken1442.txt,74
0,networktoken1443.txt,18
0,networktoken1444.txt,64
0,networktoken1445.txt,73
0,networktoken1446.txt,128
0,networktoken1447.txt,150
0,networktoken1448.txt,96
0,networktoken1449.txt,139
0,networktoken145.txt,212
0,networktoken1450.txt,19
0,networktoken1451.txt,117
0,networktoken1452.txt,174
0,networktoken1453.txt,48
0,networktoken1454.txt,26
0,networktoken1455.txt,18
0,networktoken1456.txt,231
0,networktoken1457.txt,53
0,networktoken1458.txt,77
0,networktoken1459.txt,101
0,networktoken146.txt,359
0,networktoken1460.txt,110
0,networktoken1461.txt,42
0,networktoken1462.txt,66
0,networktoken1463.txt,71
0,networktoken1464.txt,221
0,networktoken1465.txt,62
0,networktoken1466.txt,53
0,networktoken1467.txt,102
0,networktoken1468.txt,141
0,networktoken1469.txt,13
0,networktoken147.txt,192
0,networktoken1470.txt,57
0,networktoken1471.txt,78
0,networktoken1472.txt,131
0,networktoken1473.txt,68
0,networktoken1474.txt,109
0,networktoken1475.txt,135
0,networktoken1476.txt,51
0,networktoken1477.txt,89
0,networktoken1478.txt,29
0,networktoken1479.txt,83
0,networktoken148.txt,207
0,networktoken1480.txt,139
0,networktoken1481.txt,31
0,networktoken1482.txt,16
0,networktoken1483.txt,180
0,networktoken1484.txt,147
0,networktoken1485.txt,135
0,networktoken1486.txt,47
0,networktoken1487.txt,81
0,networktoken1488.txt,166
0,networktoken1489.txt,78
0,networktoken149.txt,263
0,networktoken1490.txt,62
0,networktoken1491.txt,107
0,networktoken1492.txt,95
0,networktoken1493.txt,43
0,networktoken1494.txt,235
0,networktoken1495.txt,176
0,networktoken1496.txt,130
0,networktoken1497.txt,52
0,networktoken1498.txt,90
0,networktoken1499.txt,126
0,networktoken150.txt,133
0,networktoken1500.txt,16
0,networktoken1501.txt,104
0,networktoken1502.txt,36
0,networktoken1503.txt,4
0,networktoken1504.txt,85
0,networktoken1505.txt,135
0,networktoken1506.txt,58
0,networktoken1507.txt,228
0,networktoken1508.txt,170
0,networktoken1509.txt,107
0,networktoken151.txt,188
0,networktoken1510.txt,119
0,networktoken1511.txt,49
0,networktoken1512.txt,49
0,networktoken1513.txt,24
0,networktoken1514.txt,100
0,networktoken1515.txt,127
0,networktoken1516.txt,66
0,networktoken1517.txt,40
0,networktoken1518.txt,96
0,networktoken1519.txt,92
0,networktoken152.txt,186
0,networktoken1520.txt,72
0,networktoken1521.txt,77
0,networktoken1522.txt,91
0,networktoken1523.txt,51
0,networktoken1524.txt,102
0,networktoken1525.txt,94
0,networktoken1526.txt,91
0,networktoken1527.txt,54
0,networktoken1528.txt,53
0,networktoken1529.txt,76
0,networktoken153.txt,198
0,networktoken1530.txt,118
0,networktoken1531.txt,67
0,networktoken1532.txt,171
0,networktoken1533.txt,57
0,networktoken1534.txt,81
0,networktoken1535.txt,57
0,networktoken1536.txt,131
0,networktoken1537.txt,31
0,networktoken1538.txt,94
0,networktoken1539.txt,112
0,networktoken154.txt,171
0,networktoken1540.txt,103
0,networktoken1541.txt,220
0,networktoken1542.txt,31
0,networktoken1543.txt,56
0,networktoken1544.txt,174
0,networktoken1545.txt,56
0,networktoken1546.txt,131
0,networktoken1547.txt,97
0,networktoken1548.txt,146
0,networktoken1549.txt,2
0,networktoken155.txt,210
0,networktoken1550.txt,150
0,networktoken1551.txt,144
0,networktoken1552.txt,54
0,networktoken1553.txt,145
0,networktoken1554.txt,108
0,networktoken1555.txt,45
0,networktoken1556.txt,25
0,networktoken1557.txt,90
0,networktoken1558.txt,172
0,networktoken1559.txt,88
0,networktoken156.txt,186
0,networktoken1560.txt,90
0,networktoken1561.txt,119
0,networktoken1562.txt,110
0,networktoken1563.txt,228
0,networktoken1564.txt,101
0,networktoken1565.txt,71
0,networktoken1566.txt,129
0,networktoken1567.txt,117
0,networktoken1568.txt,168
0,networktoken1569.txt,35
0,networktoken157.txt,234
0,networktoken1570.txt,207
0,networktoken1571.txt,69
0,networktoken1572.txt,43
0,networktoken1573.txt,26
0,networktoken1574.txt,119
0,networktoken1575.txt,75
0,networktoken1576.txt,70
0,networktoken1577.txt,137
0,networktoken1578.txt,242
0,networktoken1579.txt,169
0,networktoken158.txt,324
0,networktoken1580.txt,4
0,networktoken1581.txt,61
0,networktoken1582.txt,53
0,networktoken1583.txt,98
0,networktoken1584.txt,150
0,networktoken1585.txt,72
0,networktoken1586.txt,81
0,networktoken1587.txt,191
0,networktoken1588.txt,172
0,networktoken1589.txt,56
0,networktoken159.txt,156
0,networktoken1590.txt,179
0,networktoken1591.txt,165
0,networktoken1592.txt,62
0,networktoken1593.txt,110
0,networktoken1594.txt,158
0,networktoken1595.txt,83
0,networktoken1596.txt,208
0,networktoken1597.txt,84
0,networktoken1598.txt,58
0,networktoken1599.txt,104
0,networktoken160.txt,160
0,networktoken1600.txt,73
0,networktoken1601.txt,72
0,networktoken1602.txt,66
0,networktoken1603.txt,116
0,networktoken1604.txt,44
0,networktoken1605.txt,90
0,networktoken1606.txt,108
0,networktoken1607.txt,39
0,networktoken1608.txt,73
0,networktoken1609.txt,80
0,networktoken161.txt,280
0,networktoken1610.txt,212
0,networktoken1611.txt,90
0,networktoken1612.txt,137
0,networktoken1613.txt,40
0,networktoken1614.txt,111
0,networktoken1615.txt,72
0,networktoken1616.txt,108
0,networktoken1617.txt,52
0,networktoken1618.txt,209
0,networktoken1619.txt,44
0,networktoken162.txt,189
0,networktoken1620.txt,104
0,networktoken1621.txt,193
0,networktoken1622.txt,107
0,networktoken1623.txt,71
0,networktoken1624.txt,59
0,networktoken1625.txt,138
0,networktoken1626.txt,233
0,networktoken1627.txt,119
0,networktoken1628.txt,202
0,networktoken1629.txt,27
0,networktoken1630.txt,167
0,networktoken1631.txt,170
0,networktoken1632.txt,50
0,networktoken1633.txt,88
0,networktoken1634.txt,97
0,networktoken1635.txt,106
0,networktoken1636.txt,201
0,networktoken1637.txt,11
0,networktoken1638.txt,40
0,networktoken1639.txt,129
0,networktoken164.txt,235
0,networktoken1640.txt,171
0,networktoken1641.txt,15
0,networktoken1642.txt,55
0,networktoken1643.txt,135
0,networktoken1644.txt,128
0,networktoken1645.txt,23
0,networktoken1646.txt,97
0,networktoken1647.txt,158
0,networktoken1648.txt,178
0,networktoken1649.txt,3
0,networktoken165.txt,253
0,networktoken1650.txt,67
0,networktoken1651.txt,73
0,networktoken1652.txt,50
0,networktoken1653.txt,40
0,networktoken1654.txt,145
0,networktoken1655.txt,215
0,networktoken1656.txt,33
0,networktoken1657.txt,221
0,networktoken1658.txt,96
0,networktoken1659.txt,138
0,networktoken166.txt,146
0,networktoken1660.txt,42
0,networktoken1661.txt,85
0,networktoken1662.txt,40
0,networktoken1663.txt,6
0,networktoken1664.txt,303
0,networktoken1665.txt,114
0,networktoken1666.txt,104
0,networktoken1667.txt,102
0,networktoken1668.txt,83
0,networktoken1669.txt,17
0,networktoken167.txt,220
0,networktoken1670.txt,11
0,networktoken1671.txt,125
0,networktoken1672.txt,190
0,networktoken1673.txt,161
0,networktoken1674.txt,206
0,networktoken1675.txt,67
0,networktoken1676.txt,35
0,networktoken1677.txt,58
0,networktoken1678.txt,62
0,networktoken1679.txt,108
0,networktoken168.txt,226
0,networktoken1680.txt,69
0,networktoken1681.txt,118
0,networktoken1682.txt,227
0,networktoken1683.txt,212
0,networktoken1684.txt,139
0,networktoken1685.txt,282
0,networktoken1686.txt,17
0,networktoken1687.txt,145
0,networktoken1688.txt,66
0,networktoken1689.txt,281
0,networktoken169.txt,310
0,networktoken1690.txt,260
0,networktoken1691.txt,4
0,networktoken1692.txt,24
0,networktoken1693.txt,189
0,networktoken1694.txt,104
0,networktoken1695.txt,39
0,networktoken1696.txt,76
0,networktoken1697.txt,89
0,networktoken1698.txt,23
0,networktoken1699.txt,59
0,networktoken170.txt,181
0,networktoken1700.txt,183
0,networktoken1701.txt,106
0,networktoken1702.txt,38
0,networktoken1703.txt,36
0,networktoken1704.txt,162
0,networktoken171.txt,163
0,networktoken172.txt,307
0,networktoken173.txt,225
0,networktoken174.txt,222
0,networktoken175.txt,510
0,networktoken176.txt,118
0,networktoken178.txt,222
0,networktoken180.txt,251
0,networktoken181.txt,379
0,networktoken182.txt,186
0,networktoken183.txt,312
0,networktoken184.txt,235
0,networktoken185.txt,234
0,networktoken186.txt,180
0,networktoken188.txt,108
0,networktoken189.txt,353
0,networktoken190.txt,242
0,networktoken192.txt,51
0,networktoken194.txt,341
0,networktoken195.txt,636
0,networktoken196.txt,132
0,networktoken197.txt,48
0,networktoken198.txt,165
0,networktoken199.txt,228
0,networktoken200.txt,122
0,networktoken201.txt,243
0,networktoken202.txt,205
0,networktoken203.txt,247
0,networktoken204.txt,225
0,networktoken205.txt,299
0,networktoken208.txt,275
0,networktoken209.txt,146
0,networktoken211.txt,200
0,networktoken212.txt,589
0,networktoken213.txt,169
0,networktoken239.txt,248
0,networktoken241.txt,312
0,networktoken243.txt,335
0,networktoken246.txt,383
0,networktoken247.txt,228
0,networktoken248.txt,405
0,networktoken250.txt,318
0,networktoken253.txt,404
0,networktoken254.txt,247
0,networktoken255.txt,252
0,networktoken256.txt,218
0,networktoken257.txt,402
0,networktoken258.txt,365
0,networktoken259.txt,148
0,networktoken260.txt,363
0,networktoken261.txt,285
0,networktoken262.txt,399
0,networktoken263.txt,435
0,networktoken266.txt,215
0,networktoken267.txt,225
0,networktoken268.txt,303
0,networktoken269.txt,274
0,networktoken270.txt,717
0,networktoken271.txt,229
0,networktoken272.txt,200
0,networktoken273.txt,340
0,networktoken274.txt,299
0,networktoken275.txt,212
0,networktoken277.txt,200
0,networktoken278.txt,258
0,networktoken279.txt,243
0,networktoken280.txt,121
0,networktoken281.txt,123
0,networktoken283.txt,286
0,networktoken285.txt,147
0,networktoken286.txt,341
0,networktoken287.txt,199
0,networktoken288.txt,226
0,networktoken289.txt,252
0,networktoken290.txt,226
0,networktoken291.txt,217
0,networktoken293.txt,142
0,networktoken294.txt,159
0,networktoken295.txt,218
0,networktoken296.txt,248
0,networktoken297.txt,148
0,networktoken298.txt,198
0,networktoken299.txt,319
0,networktoken300.txt,209
0,networktoken301.txt,718
0,networktoken302.txt,266
0,networktoken303.txt,216
0,networktoken304.txt,228
0,networktoken305.txt,157
0,networktoken306.txt,254
0,networktoken307.txt,129
0,networktoken308.txt,267
0,networktoken309.txt,184
0,networktoken310.txt,205
0,networktoken311.txt,105
0,networktoken312.txt,250
0,networktoken313.txt,278
0,networktoken314.txt,194
0,networktoken315.txt,296
0,networktoken316.txt,247
0,networktoken317.txt,233
0,networktoken318.txt,212
0,networktoken319.txt,208
0,networktoken320.txt,157
0,networktoken321.txt,125
0,networktoken322.txt,199
0,networktoken323.txt,208
0,networktoken324.txt,277
0,networktoken325.txt,15
0,networktoken326.txt,183
0,networktoken327.txt,253
0,networktoken328.txt,304
0,networktoken329.txt,131
0,networktoken331.txt,261
0,networktoken332.txt,301
0,networktoken333.txt,159
0,networktoken334.txt,208
0,networktoken335.txt,207
0,networktoken336.txt,257
0,networktoken337.txt,254
0,networktoken338.txt,280
0,networktoken339.txt,241
0,networktoken340.txt,312
0,networktoken341.txt,267
0,networktoken342.txt,157
0,networktoken343.txt,234
0,networktoken344.txt,131
0,networktoken345.txt,266
0,networktoken346.txt,266
0,networktoken347.txt,190
0,networktoken348.txt,295
0,networktoken349.txt,237
0,networktoken350.txt,104
0,networktoken351.txt,232
0,networktoken352.txt,183
0,networktoken353.txt,156
0,networktoken354.txt,317
0,networktoken355.txt,142
0,networktoken356.txt,326
0,networktoken357.txt,262
0,networktoken358.txt,222
0,networktoken359.txt,139
0,networktoken360.txt,238
0,networktoken361.txt,295
0,networktoken363.txt,178
0,networktoken364.txt,167
0,networktoken365.txt,139
0,networktoken366.txt,161
0,networktoken367.txt,180
0,networktoken368.txt,189
0,networktoken369.txt,213
0,networktoken370.txt,235
0,networktoken371.txt,271
0,networktoken372.txt,231
0,networktoken373.txt,198
0,networktoken374.txt,117
0,networktoken375.txt,300
0,networktoken376.txt,130
0,networktoken377.txt,114
0,networktoken378.txt,195
0,networktoken379.txt,210
0,networktoken380.txt,137
0,networktoken381.txt,158
0,networktoken382.txt,235
0,networktoken383.txt,188
0,networktoken384.txt,113
0,networktoken385.txt,187
0,networktoken386.txt,102
0,networktoken387.txt,114
0,networktoken388.txt,215
0,networktoken389.txt,219
0,networktoken390.txt,190
0,networktoken391.txt,205
0,networktoken392.txt,273
0,networktoken393.txt,126
0,networktoken395.txt,202
0,networktoken396.txt,169
0,networktoken397.txt,174
0,networktoken398.txt,536
0,networktoken399.txt,100
0,networktoken400.txt,128
0,networktoken401.txt,210
0,networktoken402.txt,173
0,networktoken403.txt,158
0,networktoken404.txt,162
0,networktoken405.txt,122
0,networktoken406.txt,275
0,networktoken407.txt,142
0,networktoken408.txt,129
0,networktoken409.txt,197
0,networktoken410.txt,179
0,networktoken411.txt,102
0,networktoken412.txt,202
0,networktoken413.txt,182
0,networktoken414.txt,179
0,networktoken415.txt,339
0,networktoken416.txt,113
0,networktoken417.txt,399
0,networktoken418.txt,109
0,networktoken419.txt,248
0,networktoken420.txt,608
0,networktoken421.txt,244
0,networktoken422.txt,191
0,networktoken423.txt,165
0,networktoken424.txt,157
0,networktoken425.txt,188
0,networktoken426.txt,130
0,networktoken427.txt,166
0,networktoken428.txt,278
0,networktoken429.txt,143
0,networktoken430.txt,220
0,networktoken431.txt,171
0,networktoken432.txt,183
0,networktoken433.txt,174
0,networktoken434.txt,160
0,networktoken435.txt,417
0,networktoken436.txt,303
0,networktoken437.txt,215
0,networktoken438.txt,211
0,networktoken439.txt,202
0,networktoken440.txt,211
0,networktoken441.txt,252
0,networktoken442.txt,194
0,networktoken443.txt,203
0,networktoken444.txt,211
0,networktoken445.txt,318
0,networktoken446.txt,226
0,networktoken447.txt,130
0,networktoken448.txt,188
0,networktoken449.txt,647
0,networktoken450.txt,132
0,networktoken451.txt,168
0,networktoken452.txt,325
0,networktoken453.txt,238
0,networktoken454.txt,116
0,networktoken455.txt,124
0,networktoken456.txt,164
0,networktoken457.txt,146
0,networktoken458.txt,185
0,networktoken459.txt,234
0,networktoken460.txt,182
0,networktoken461.txt,161
0,networktoken462.txt,161
0,networktoken463.txt,169
0,networktoken464.txt,253
0,networktoken465.txt,209
0,networktoken466.txt,213
0,networktoken467.txt,183
0,networktoken468.txt,333
0,networktoken469.txt,199
0,networktoken470.txt,141
0,networktoken471.txt,208
0,networktoken472.txt,211
0,networktoken473.txt,149
0,networktoken474.txt,158
0,networktoken475.txt,113
0,networktoken476.txt,523
0,networktoken477.txt,138
0,networktoken478.txt,240
0,networktoken479.txt,312
0,networktoken480.txt,293
0,networktoken481.txt,525
0,networktoken482.txt,162
0,networktoken483.txt,157
0,networktoken484.txt,184
0,networktoken485.txt,264
0,networktoken486.txt,242
0,networktoken487.txt,163
0,networktoken488.txt,204
0,networktoken489.txt,138
0,networktoken490.txt,113
0,networktoken491.txt,228
0,networktoken492.txt,206
0,networktoken493.txt,197
0,networktoken494.txt,169
0,networktoken495.txt,725
0,networktoken496.txt,207
0,networktoken497.txt,194
0,networktoken498.txt,104
0,networktoken499.txt,192
0,networktoken500.txt,246
0,networktoken501.txt,131
0,networktoken502.txt,287
0,networktoken503.txt,256
0,networktoken504.txt,172
0,networktoken506.txt,158
0,networktoken507.txt,191
0,networktoken508.txt,129
0,networktoken509.txt,165
0,networktoken510.txt,179
0,networktoken511.txt,216
0,networktoken512.txt,203
0,networktoken513.txt,255
0,networktoken514.txt,314
0,networktoken515.txt,225
0,networktoken516.txt,209
0,networktoken517.txt,268
0,networktoken518.txt,255
0,networktoken519.txt,262
0,networktoken520.txt,318
0,networktoken521.txt,298
0,networktoken522.txt,187
0,networktoken523.txt,146
0,networktoken524.txt,165
0,networktoken525.txt,136
0,networktoken526.txt,119
0,networktoken527.txt,166
0,networktoken528.txt,123
0,networktoken529.txt,129
0,networktoken530.txt,197
0,networktoken531.txt,173
0,networktoken532.txt,471
0,networktoken533.txt,314
0,networktoken534.txt,306
0,networktoken535.txt,258
0,networktoken536.txt,189
0,networktoken537.txt,282
0,networktoken538.txt,267
0,networktoken539.txt,108
0,networktoken540.txt,297
0,networktoken541.txt,207
0,networktoken542.txt,146
0,networktoken543.txt,166
0,networktoken544.txt,177
0,networktoken545.txt,35
0,networktoken546.txt,187
0,networktoken547.txt,125
0,networktoken548.txt,313
0,networktoken549.txt,237
0,networktoken550.txt,394
0,networktoken551.txt,189
0,networktoken552.txt,179
0,networktoken553.txt,179
0,networktoken554.txt,214
0,networktoken555.txt,242
0,networktoken556.txt,110
0,networktoken557.txt,195
0,networktoken558.txt,163
0,networktoken560.txt,224
0,networktoken561.txt,171
0,networktoken562.txt,228
0,networktoken563.txt,290
0,networktoken564.txt,158
0,networktoken565.txt,182
0,networktoken566.txt,178
0,networktoken567.txt,261
0,networktoken568.txt,272
0,networktoken569.txt,194
0,networktoken570.txt,203
0,networktoken571.txt,258
0,networktoken572.txt,131
0,networktoken573.txt,179
0,networktoken574.txt,94
0,networktoken575.txt,354
0,networktoken576.txt,139
0,networktoken577.txt,243
0,networktoken578.txt,261
0,networktoken579.txt,99
0,networktoken580.txt,210
0,networktoken581.txt,177
0,networktoken582.txt,236
0,networktoken583.txt,113
0,networktoken584.txt,139
0,networktoken585.txt,123
0,networktoken586.txt,143
0,networktoken587.txt,216
0,networktoken588.txt,109
0,networktoken589.txt,198
0,networktoken590.txt,147
0,networktoken591.txt,188
0,networktoken592.txt,167
0,networktoken593.txt,168
0,networktoken594.txt,249
0,networktoken595.txt,163
0,networktoken596.txt,143
0,networktoken597.txt,197
0,networktoken598.txt,237
0,networktoken599.txt,234
0,networktoken600.txt,312
0,networktoken601.txt,223
0,networktoken602.txt,256
0,networktoken603.txt,157
0,networktoken604.txt,121
0,networktoken605.txt,181
0,networktoken606.txt,181
0,networktoken607.txt,180
0,networktoken608.txt,237
0,networktoken609.txt,108
0,networktoken610.txt,265
0,networktoken611.txt,189
0,networktoken612.txt,185
0,networktoken613.txt,239
0,networktoken614.txt,151
0,networktoken615.txt,275
0,networktoken616.txt,224
0,networktoken617.txt,174
0,networktoken618.txt,153
0,networktoken619.txt,214
0,networktoken620.txt,218
0,networktoken621.txt,167
0,networktoken622.txt,176
0,networktoken623.txt,191
0,networktoken624.txt,256
0,networktoken625.txt,153
0,networktoken626.txt,161
0,networktoken627.txt,200
0,networktoken628.txt,199
0,networktoken629.txt,249
0,networktoken630.txt,129
0,networktoken631.txt,270
0,networktoken632.txt,130
0,networktoken633.txt,309
0,networktoken634.txt,223
0,networktoken635.txt,164
0,networktoken636.txt,115
0,networktoken637.txt,202
0,networktoken638.txt,113
0,networktoken639.txt,337
0,networktoken640.txt,233
0,networktoken641.txt,205
0,networktoken642.txt,185
0,networktoken643.txt,194
0,networktoken644.txt,169
0,networktoken645.txt,304
0,networktoken646.txt,199
0,networktoken647.txt,178
0,networktoken648.txt,176
0,networktoken649.txt,228
0,networktoken650.txt,544
0,networktoken651.txt,159
0,networktoken652.txt,130
0,networktoken653.txt,234
0,networktoken654.txt,330
0,networktoken655.txt,239
0,networktoken656.txt,186
0,networktoken657.txt,161
0,networktoken658.txt,215
0,networktoken659.txt,304
0,networktoken660.txt,117
0,networktoken661.txt,153
0,networktoken662.txt,269
0,networktoken663.txt,124
0,networktoken664.txt,201
0,networktoken665.txt,237
0,networktoken666.txt,176
0,networktoken667.txt,105
0,networktoken668.txt,228
0,networktoken669.txt,104
0,networktoken670.txt,212
0,networktoken671.txt,116
0,networktoken672.txt,171
0,networktoken673.txt,146
0,networktoken674.txt,176
0,networktoken675.txt,156
0,networktoken676.txt,192
0,networktoken677.txt,195
0,networktoken678.txt,169
0,networktoken679.txt,137
0,networktoken680.txt,150
0,networktoken681.txt,179
0,networktoken682.txt,263
0,networktoken683.txt,145
0,networktoken684.txt,225
0,networktoken685.txt,256
0,networktoken686.txt,176
0,networktoken687.txt,268
0,networktoken688.txt,203
0,networktoken689.txt,203
0,networktoken690.txt,212
0,networktoken691.txt,125
0,networktoken692.txt,203
0,networktoken693.txt,137
0,networktoken694.txt,283
0,networktoken695.txt,375
0,networktoken696.txt,176
0,networktoken697.txt,400
0,networktoken698.txt,136
0,networktoken699.txt,91
0,networktoken700.txt,161
0,networktoken701.txt,170
0,networktoken702.txt,156
0,networktoken703.txt,180
0,networktoken704.txt,119
0,networktoken705.txt,213
0,networktoken706.txt,167
0,networktoken707.txt,183
0,networktoken709.txt,192
0,networktoken710.txt,159
0,networktoken711.txt,110
0,networktoken712.txt,186
0,networktoken713.txt,126
0,networktoken714.txt,278
0,networktoken715.txt,110
0,networktoken716.txt,260
0,networktoken717.txt,277
0,networktoken718.txt,180
0,networktoken719.txt,156
0,networktoken720.txt,146
0,networktoken721.txt,205
0,networktoken722.txt,221
0,networktoken723.txt,81
0,networktoken724.txt,296
0,networktoken725.txt,182
0,networktoken726.txt,122
0,networktoken727.txt,236
0,networktoken728.txt,170
0,networktoken729.txt,100
0,networktoken730.txt,108
0,networktoken731.txt,372
0,networktoken732.txt,179
0,networktoken733.txt,196
0,networktoken734.txt,138
0,networktoken735.txt,182
0,networktoken736.txt,256
0,networktoken737.txt,229
0,networktoken738.txt,211
0,networktoken739.txt,227
0,networktoken740.txt,154
0,networktoken741.txt,234
0,networktoken742.txt,172
0,networktoken743.txt,155
0,networktoken744.txt,163
0,networktoken745.txt,162
0,networktoken746.txt,157
0,networktoken747.txt,159
0,networktoken748.txt,209
0,networktoken749.txt,196
0,networktoken750.txt,198
0,networktoken751.txt,166
0,networktoken752.txt,278
0,networktoken753.txt,181
0,networktoken754.txt,20
0,networktoken755.txt,131
0,networktoken756.txt,152
0,networktoken757.txt,226
0,networktoken758.txt,199
0,networktoken759.txt,111
0,networktoken760.txt,131
0,networktoken761.txt,305
0,networktoken762.txt,124
0,networktoken763.txt,109
0,networktoken764.txt,146
0,networktoken765.txt,273
0,networktoken766.txt,131
0,networktoken767.txt,374
0,networktoken768.txt,125
0,networktoken769.txt,140
0,networktoken770.txt,268
0,networktoken771.txt,44
0,networktoken772.txt,111
0,networktoken773.txt,45
0,networktoken774.txt,215
0,networktoken775.txt,139
0,networktoken776.txt,147
0,networktoken777.txt,178
0,networktoken778.txt,210
0,networktoken779.txt,122
0,networktoken780.txt,220
0,networktoken781.txt,105
0,networktoken782.txt,190
0,networktoken783.txt,95
0,networktoken784.txt,156
0,networktoken785.txt,360
0,networktoken786.txt,170
0,networktoken787.txt,161
0,networktoken788.txt,158
0,networktoken789.txt,262
0,networktoken790.txt,208
0,networktoken791.txt,165
0,networktoken792.txt,143
0,networktoken793.txt,100
0,networktoken794.txt,256
0,networktoken795.txt,401
0,networktoken796.txt,166
0,networktoken797.txt,192
0,networktoken798.txt,137
0,networktoken799.txt,158
0,networktoken800.txt,166
0,networktoken801.txt,115
0,networktoken802.txt,240
0,networktoken803.txt,220
0,networktoken804.txt,485
0,networktoken805.txt,154
0,networktoken806.txt,113
0,networktoken807.txt,216
0,networktoken808.txt,238
0,networktoken809.txt,152
0,networktoken810.txt,167
0,networktoken811.txt,151
0,networktoken812.txt,165
0,networktoken813.txt,138
0,networktoken814.txt,162
0,networktoken815.txt,199
0,networktoken816.txt,210
0,networktoken817.txt,167
0,networktoken818.txt,174
0,networktoken819.txt,199
0,networktoken820.txt,222
0,networktoken821.txt,96
0,networktoken822.txt,227
0,networktoken823.txt,189
0,networktoken824.txt,168
0,networktoken825.txt,183
0,networktoken826.txt,105
0,networktoken827.txt,123
0,networktoken828.txt,303
0,networktoken829.txt,159
0,networktoken830.txt,320
0,networktoken831.txt,195
0,networktoken832.txt,111
0,networktoken833.txt,137
0,networktoken834.txt,195
0,networktoken835.txt,227
0,networktoken836.txt,146
0,networktoken837.txt,144
0,networktoken838.txt,229
0,networktoken839.txt,250
0,networktoken840.txt,157
0,networktoken841.txt,196
0,networktoken842.txt,179
0,networktoken843.txt,243
0,networktoken844.txt,114
0,networktoken845.txt,302
0,networktoken846.txt,232
0,networktoken847.txt,157
0,networktoken848.txt,295
0,networktoken849.txt,166
0,networktoken850.txt,121
0,networktoken851.txt,185
0,networktoken852.txt,235
0,networktoken853.txt,250
0,networktoken854.txt,242
0,networktoken855.txt,171
0,networktoken856.txt,253
0,networktoken857.txt,158
0,networktoken858.txt,221
0,networktoken859.txt,145
0,networktoken860.txt,204
0,networktoken861.txt,119
0,networktoken862.txt,101
0,networktoken863.txt,251
0,networktoken864.txt,169
0,networktoken865.txt,189
0,networktoken866.txt,165
0,networktoken868.txt,157
0,networktoken869.txt,166
0,networktoken870.txt,260
0,networktoken871.txt,142
0,networktoken872.txt,135
0,networktoken873.txt,169
0,networktoken874.txt,214
0,networktoken875.txt,166
0,networktoken876.txt,173
0,networktoken877.txt,112
0,networktoken878.txt,210
0,networktoken879.txt,238
0,networktoken880.txt,104
0,networktoken881.txt,165
0,networktoken882.txt,198
0,networktoken883.txt,279
0,networktoken884.txt,189
0,networktoken885.txt,227
0,networktoken886.txt,181
0,networktoken887.txt,183
0,networktoken888.txt,184
0,networktoken889.txt,240
0,networktoken890.txt,186
0,networktoken891.txt,113
0,networktoken892.txt,182
0,networktoken893.txt,231
0,networktoken894.txt,235
0,networktoken895.txt,110
0,networktoken896.txt,174
0,networktoken897.txt,162
0,networktoken898.txt,111
0,networktoken899.txt,227
0,networktoken900.txt,339
0,networktoken901.txt,296
0,networktoken902.txt,269
0,networktoken903.txt,159
0,networktoken904.txt,110
0,networktoken905.txt,156
0,networktoken906.txt,207
0,networktoken907.txt,134
0,networktoken908.txt,260
0,networktoken909.txt,257
0,networktoken910.txt,139
0,networktoken911.txt,182
0,networktoken912.txt,164
0,networktoken913.txt,361
0,networktoken914.txt,132
0,networktoken915.txt,184
0,networktoken916.txt,646
0,networktoken917.txt,200
0,networktoken918.txt,193
0,networktoken919.txt,332
0,networktoken920.txt,2
0,networktoken921.txt,134
0,networktoken922.txt,175
0,networktoken923.txt,305
0,networktoken924.txt,304
0,networktoken925.txt,180
0,networktoken926.txt,194
0,networktoken927.txt,193
0,networktoken928.txt,285
0,networktoken929.txt,272
0,networktoken930.txt,137
0,networktoken931.txt,136
0,networktoken932.txt,135
0,networktoken933.txt,185
0,networktoken934.txt,3
0,networktoken935.txt,131
0,networktoken936.txt,153
0,networktoken937.txt,163
0,networktoken938.txt,279
0,networktoken939.txt,188
0,networktoken940.txt,181
0,networktoken941.txt,135
0,networktoken942.txt,139
0,networktoken943.txt,157
0,networktoken944.txt,74
0,networktoken945.txt,88
0,networktoken946.txt,128
0,networktoken947.txt,250
0,networktoken948.txt,103
0,networktoken949.txt,117
0,networktoken950.txt,274
0,networktoken951.txt,144
0,networktoken952.txt,233
0,networktoken953.txt,191
0,networktoken954.txt,178
0,networktoken955.txt,153
0,networktoken956.txt,176
0,networktoken957.txt,332
0,networktoken958.txt,172
0,networktoken959.txt,225
0,networktoken960.txt,127
0,networktoken961.txt,135
0,networktoken962.txt,237
0,networktoken963.txt,203
0,networktoken964.txt,216
0,networktoken965.txt,209
0,networktoken966.txt,184
0,networktoken967.txt,212
0,networktoken968.txt,147
0,networktoken969.txt,182
0,networktoken970.txt,146
0,networktoken994.txt,48
0,networktoken996.txt,91
0,networktoken997.txt,81
0,networktoken998.txt,86
0,networktoken999.txt,142
0,networktracto.txt,236
0,networktronix.txt,250
0,networkutrust.txt,131
0,networkvechain.txt,261
0,networkveritaseum.txt,375
0,networkveros.txt,533
0,networkvibe.txt,291
0,networkwalton.txt,289
0,networkwaxtoken.txt,138
0,networkwepower.txt,94
0,networkwings.txt,376
0,networkwiseplat.txt,193
0,networkyee.txt,115
0,networkyocoin.txt,564
0,networkzbcoin.txt,223
0,networkzilliqa.txt,114
0,networkzrx.txt,268
0,NodeIds.txt,
